08.10.2020 07:17:52;50.018;317.981;
08.10.2020 07:17:53;50.018;317.8321111;
08.10.2020 07:17:54;50.018;317.981;
08.10.2020 07:17:55;50.018;317.9437778;
08.10.2020 07:17:56;50.018;317.5715556;
08.10.2020 07:17:57;50.018;317.6087778;
08.10.2020 07:17:58;50.018;317.9437778;
08.10.2020 07:17:59;50.018;317.6832222;
08.10.2020 07:18:00;50.018;318.1671111;
08.10.2020 07:18:01;50.018;318.0182222;
08.10.2020 07:18:02;50.018;318.651;
08.10.2020 07:18:03;50.018;318.2787778;
08.10.2020 07:18:04;50.018;317.7204444;
08.10.2020 07:18:05;50.018;317.8321111;
08.10.2020 07:18:06;50.018;318.0554444;
08.10.2020 07:18:07;50.018;318.3904444;
08.10.2020 07:18:08;50.018;318.3532222;
08.10.2020 07:18:09;50.018;318.0926667;
08.10.2020 07:18:10;50.018;317.6832222;
08.10.2020 07:18:11;50.018;318.316;
08.10.2020 07:18:12;50.018;317.7576667;
08.10.2020 07:18:13;50.018;317.4226667;
08.10.2020 07:18:14;50.018;317.8321111;
08.10.2020 07:18:15;50.018;318.0554444;
08.10.2020 07:18:16;50.018;318.0182222;
08.10.2020 07:18:17;50.018;317.9065556;
08.10.2020 07:18:18;50.018;318.316;
08.10.2020 07:18:19;50.018;318.0182222;
08.10.2020 07:18:20;50.018;318.4276667;
08.10.2020 07:18:21;50.018;318.4276667;
08.10.2020 07:18:22;50.015;318.2043333;
08.10.2020 07:18:23;50.004;317.981;
08.10.2020 07:18:24;50.004;318.1671111;
08.10.2020 07:18:25;50.004;318.2415556;
08.10.2020 07:18:26;50.004;317.8693333;
08.10.2020 07:18:27;50.004;318.1671111;
08.10.2020 07:18:28;50.004;318.4276667;
08.10.2020 07:18:29;50.004;318.2415556;
08.10.2020 07:18:30;50.004;318.2787778;
08.10.2020 07:18:31;50.004;318.0182222;
08.10.2020 07:18:32;50.004;318.2787778;
08.10.2020 07:18:33;50.004;318.316;
08.10.2020 07:18:34;50.004;317.6832222;
08.10.2020 07:18:35;50.004;317.7576667;
08.10.2020 07:18:36;50.004;318.2415556;
08.10.2020 07:18:37;50.004;318.2043333;
08.10.2020 07:18:38;50.004;317.8321111;
08.10.2020 07:18:39;50.004;318.0926667;
08.10.2020 07:18:40;50.004;317.9437778;
08.10.2020 07:18:41;50.004;318.316;
08.10.2020 07:18:42;49.994;318.2043333;
08.10.2020 07:18:43;49.994;318.3532222;
08.10.2020 07:18:44;49.994;318.316;
08.10.2020 07:18:45;49.994;318.3532222;
08.10.2020 07:18:46;49.994;318.1298889;
08.10.2020 07:18:47;49.994;318.0926667;
08.10.2020 07:18:48;49.994;318.1298889;
08.10.2020 07:18:49;49.994;317.9065556;
08.10.2020 07:18:50;49.994;318.0182222;
08.10.2020 07:18:51;49.994;318.1671111;
08.10.2020 07:18:52;49.994;318.651;
08.10.2020 07:18:53;49.994;318.1671111;
08.10.2020 07:18:54;49.994;318.1671111;
08.10.2020 07:18:55;49.994;317.6087778;
08.10.2020 07:18:56;49.994;318.0926667;
08.10.2020 07:18:57;49.994;318.0926667;
08.10.2020 07:18:58;49.994;318.1298889;
08.10.2020 07:18:59;49.994;318.0926667;
08.10.2020 07:19:00;49.994;317.9437778;
08.10.2020 07:19:01;49.994;317.9065556;
08.10.2020 07:19:02;49.994;317.7948889;
08.10.2020 07:19:03;49.994;317.5343333;
08.10.2020 07:19:04;49.994;317.8693333;
08.10.2020 07:19:05;49.983;318.1298889;
08.10.2020 07:19:06;49.983;318.2787778;
08.10.2020 07:19:07;49.983;318.2787778;
08.10.2020 07:19:08;49.983;318.1671111;
08.10.2020 07:19:09;49.983;317.7576667;
08.10.2020 07:19:10;49.983;317.6832222;
08.10.2020 07:19:11;49.983;318.0926667;
08.10.2020 07:19:12;49.983;318.2043333;
08.10.2020 07:19:13;49.983;318.7998889;
08.10.2020 07:19:14;49.983;318.0926667;
08.10.2020 07:19:15;49.983;317.7576667;
08.10.2020 07:19:16;49.983;317.2737778;
08.10.2020 07:19:17;49.983;317.9437778;
08.10.2020 07:19:18;49.983;317.646;
08.10.2020 07:19:19;49.983;317.5715556;
08.10.2020 07:19:20;49.983;318.0926667;
08.10.2020 07:19:21;49.983;318.3532222;
08.10.2020 07:19:22;49.983;317.9437778;
08.10.2020 07:19:23;49.983;317.646;
08.10.2020 07:19:24;49.983;317.7948889;
08.10.2020 07:19:25;49.983;318.0554444;
08.10.2020 07:19:26;49.983;318.0554444;
08.10.2020 07:19:27;49.996;317.9065556;
08.10.2020 07:19:28;50.0;317.646;
08.10.2020 07:19:29;50.0;317.4598889;
08.10.2020 07:19:30;50.0;318.0554444;
08.10.2020 07:19:31;50.0;317.6832222;
08.10.2020 07:19:32;50.0;317.9437778;
08.10.2020 07:19:33;50.0;317.7204444;
08.10.2020 07:19:34;50.0;318.1298889;
08.10.2020 07:19:35;50.0;317.6832222;
08.10.2020 07:19:36;50.0;317.7948889;
08.10.2020 07:19:37;50.0;317.8693333;
08.10.2020 07:19:38;50.0;317.4598889;
08.10.2020 07:19:39;50.0;317.7204444;
08.10.2020 07:19:40;50.0;317.2365556;
08.10.2020 07:19:41;50.0;317.9437778;
08.10.2020 07:19:42;50.0;317.7576667;
08.10.2020 07:19:43;50.0;317.5715556;
08.10.2020 07:19:44;50.0;317.8693333;
08.10.2020 07:19:45;50.0;317.5715556;
08.10.2020 07:19:46;50.0;318.0554444;
08.10.2020 07:19:47;50.0;317.6087778;
08.10.2020 07:19:48;50.0;318.0926667;
08.10.2020 07:19:49;50.0;318.0182222;
08.10.2020 07:19:50;50.0;317.7576667;
08.10.2020 07:19:51;50.0;317.8321111;
08.10.2020 07:19:52;50.0;318.0554444;
08.10.2020 07:19:53;50.0;317.8321111;
08.10.2020 07:19:54;50.0;317.9437778;
08.10.2020 07:19:55;50.0;317.9437778;
08.10.2020 07:19:56;50.0;317.6832222;
08.10.2020 07:19:57;50.0;317.9437778;
08.10.2020 07:19:58;50.0;317.6087778;
08.10.2020 07:19:59;50.0;317.5715556;
08.10.2020 07:20:00;50.0;317.7576667;
08.10.2020 07:20:01;50.0;317.9065556;
08.10.2020 07:20:02;50.0;317.646;
08.10.2020 07:20:03;50.0;318.0926667;
08.10.2020 07:20:04;50.0;317.7576667;
08.10.2020 07:20:05;50.0;317.7948889;
08.10.2020 07:20:06;50.0;318.0182222;
08.10.2020 07:20:07;50.0;317.7576667;
08.10.2020 07:20:08;50.0;317.7576667;
08.10.2020 07:20:09;50.0;317.5343333;
08.10.2020 07:20:10;50.0;318.0182222;
08.10.2020 07:20:11;50.0;317.0132222;
08.10.2020 07:20:12;50.0;317.2737778;
08.10.2020 07:20:13;50.0;317.5343333;
08.10.2020 07:20:14;50.0;317.8693333;
08.10.2020 07:20:15;50.0;317.8321111;
08.10.2020 07:20:16;50.0;317.8693333;
08.10.2020 07:20:17;50.0;317.8321111;
08.10.2020 07:20:18;50.0;317.5343333;
08.10.2020 07:20:19;50.0;317.5343333;
08.10.2020 07:20:20;50.0;317.981;
08.10.2020 07:20:21;50.0;317.6832222;
08.10.2020 07:20:22;50.015;318.2043333;
08.10.2020 07:20:23;50.004;317.981;
08.10.2020 07:20:24;50.004;318.1671111;
08.10.2020 07:20:25;50.004;318.2415556;
08.10.2020 07:20:26;50.004;317.8693333;
08.10.2020 07:20:27;50.004;318.1671111;
08.10.2020 07:20:28;50.004;318.4276667;
08.10.2020 07:20:29;50.004;318.2415556;
08.10.2020 07:20:30;50.004;318.2787778;
08.10.2020 07:20:31;50.004;318.0182222;
08.10.2020 07:20:32;50.004;318.2787778;
08.10.2020 07:20:33;50.004;318.316;
08.10.2020 07:20:34;50.004;317.6832222;
08.10.2020 07:20:35;50.004;317.7576667;
08.10.2020 07:20:36;50.004;318.2415556;
08.10.2020 07:20:37;50.004;318.2043333;
08.10.2020 07:20:38;50.004;317.8321111;
08.10.2020 07:20:39;50.004;318.0926667;
08.10.2020 07:20:40;50.004;317.9437778;
08.10.2020 07:20:41;50.004;318.316;
08.10.2020 07:20:42;49.994;318.2043333;
08.10.2020 07:20:43;49.994;318.3532222;
08.10.2020 07:20:44;49.994;318.316;
08.10.2020 07:20:45;49.994;318.3532222;
08.10.2020 07:20:46;49.994;318.1298889;
08.10.2020 07:20:47;49.994;318.0926667;
08.10.2020 07:20:48;49.994;318.1298889;
08.10.2020 07:20:49;49.994;317.9065556;
08.10.2020 07:20:50;49.994;318.0182222;
08.10.2020 07:20:51;49.994;318.1671111;
08.10.2020 07:20:52;49.994;318.651;
08.10.2020 07:20:53;49.994;318.1671111;
08.10.2020 07:20:54;49.994;318.1671111;
08.10.2020 07:20:55;49.994;317.6087778;
08.10.2020 07:20:56;49.994;318.0926667;
08.10.2020 07:20:57;49.994;318.0926667;
08.10.2020 07:20:58;49.994;318.1298889;
08.10.2020 07:20:59;49.994;318.0926667;
08.10.2020 07:21:00;49.994;317.9437778;
08.10.2020 07:21:01;49.994;317.9065556;
08.10.2020 07:21:02;49.994;317.7948889;
08.10.2020 07:21:03;49.994;317.5343333;
08.10.2020 07:21:04;49.994;317.8693333;
08.10.2020 07:21:05;49.983;318.1298889;
08.10.2020 07:21:06;49.983;318.2787778;
08.10.2020 07:21:07;49.983;318.2787778;
08.10.2020 07:21:08;49.983;318.1671111;
08.10.2020 07:21:09;49.983;317.7576667;
08.10.2020 07:21:10;49.983;317.6832222;
08.10.2020 07:21:11;49.983;318.0926667;
08.10.2020 07:21:12;49.983;318.2043333;
08.10.2020 07:21:13;49.983;318.7998889;
08.10.2020 07:21:14;49.983;318.0926667;
08.10.2020 07:21:15;49.983;317.7576667;
08.10.2020 07:21:16;49.983;317.2737778;
08.10.2020 07:21:17;49.983;317.9437778;
08.10.2020 07:21:18;49.983;317.646;
08.10.2020 07:21:19;49.983;317.5715556;
08.10.2020 07:21:20;49.983;318.0926667;
08.10.2020 07:21:21;49.983;318.3532222;
08.10.2020 07:21:22;49.983;317.9437778;
08.10.2020 07:21:23;49.983;317.646;
08.10.2020 07:21:24;49.983;317.7948889;
08.10.2020 07:21:25;49.983;318.0554444;
08.10.2020 07:21:26;49.983;318.0554444;
08.10.2020 07:21:27;49.996;317.9065556;
08.10.2020 07:21:28;50.0;317.646;
08.10.2020 07:21:29;50.0;317.4598889;
08.10.2020 07:21:30;50.0;318.0554444;
08.10.2020 07:21:31;50.0;317.6832222;
08.10.2020 07:21:32;50.0;317.9437778;
08.10.2020 07:21:33;50.0;317.7204444;
08.10.2020 07:21:34;50.0;318.1298889;
08.10.2020 07:21:35;50.0;317.6832222;
08.10.2020 07:21:36;50.0;317.7948889;
08.10.2020 07:21:37;50.0;317.8693333;
08.10.2020 07:21:38;50.0;317.4598889;
08.10.2020 07:21:39;50.0;317.7204444;
08.10.2020 07:21:40;50.0;317.2365556;
08.10.2020 07:21:41;50.0;317.9437778;
08.10.2020 07:21:42;50.0;317.7576667;
08.10.2020 07:21:43;50.0;317.5715556;
08.10.2020 07:21:44;50.0;317.8693333;
08.10.2020 07:21:45;50.0;317.5715556;
08.10.2020 07:21:46;50.0;318.0554444;
08.10.2020 07:21:47;50.0;317.6087778;
08.10.2020 07:21:48;50.0;318.0926667;
08.10.2020 07:21:49;50.0;318.0182222;
08.10.2020 07:21:50;50.0;317.7576667;
08.10.2020 07:21:51;50.0;317.8321111;
08.10.2020 07:21:52;50.0;318.0554444;
08.10.2020 07:21:53;50.0;317.8321111;
08.10.2020 07:21:54;50.0;317.9437778;
08.10.2020 07:21:55;50.0;317.9437778;
08.10.2020 07:21:56;50.0;317.6832222;
08.10.2020 07:21:57;50.0;317.9437778;
08.10.2020 07:21:58;50.0;317.6087778;
08.10.2020 07:21:59;50.0;317.5715556;
08.10.2020 07:22:00;50.0;317.7576667;
08.10.2020 07:22:01;50.0;317.9065556;
08.10.2020 07:22:02;50.0;317.646;
08.10.2020 07:22:03;50.0;318.0926667;
08.10.2020 07:22:04;50.0;317.7576667;
08.10.2020 07:22:05;50.0;317.7948889;
08.10.2020 07:22:06;50.0;318.0182222;
08.10.2020 07:22:07;50.0;317.7576667;
08.10.2020 07:22:08;50.0;317.7576667;
08.10.2020 07:22:09;50.0;317.5343333;
08.10.2020 07:22:10;50.0;318.0182222;
08.10.2020 07:22:11;50.0;317.0132222;
08.10.2020 07:22:12;50.0;317.2737778;
08.10.2020 07:22:13;50.0;317.5343333;
08.10.2020 07:22:14;50.0;317.8693333;
08.10.2020 07:22:15;50.0;317.8321111;
08.10.2020 07:22:16;50.0;317.8693333;
08.10.2020 07:22:17;50.0;317.8321111;
08.10.2020 07:22:18;50.0;317.5343333;
08.10.2020 07:22:19;50.0;317.5343333;
08.10.2020 07:22:20;50.0;317.981;
08.10.2020 07:22:21;50.0;317.6832222;
08.10.2020 07:22:22;50.0;318.0554444;
08.10.2020 07:22:23;50.0;317.8321111;
08.10.2020 07:22:24;50.0;317.646;
08.10.2020 07:22:25;50.0;317.981;
08.10.2020 07:22:26;50.0;317.6832222;
08.10.2020 07:22:27;50.0;317.8693333;
08.10.2020 07:22:28;50.006;318.0182222;
08.10.2020 07:22:29;50.006;317.8693333;
08.10.2020 07:22:30;50.006;317.8693333;
08.10.2020 07:22:31;50.006;318.0554444;
08.10.2020 07:22:32;50.006;317.6832222;
08.10.2020 07:22:33;50.006;317.6087778;
08.10.2020 07:22:34;50.006;317.2737778;
08.10.2020 07:22:35;49.994;318.0926667;
08.10.2020 07:22:36;49.994;317.7204444;
08.10.2020 07:22:37;49.994;317.8321111;
08.10.2020 07:22:38;49.994;317.7948889;
08.10.2020 07:22:39;49.994;318.0926667;
08.10.2020 07:22:40;49.994;317.9065556;
08.10.2020 07:22:41;49.994;318.0926667;
08.10.2020 07:22:42;49.994;317.5715556;
08.10.2020 07:22:43;49.994;317.6832222;
08.10.2020 07:22:44;49.994;317.8321111;
08.10.2020 07:22:45;49.982;318.0182222;
08.10.2020 07:22:46;49.982;317.7948889;
08.10.2020 07:22:47;49.982;317.9065556;
08.10.2020 07:22:48;49.982;317.7948889;
08.10.2020 07:22:49;49.982;317.8321111;
08.10.2020 07:22:50;49.982;317.9437778;
08.10.2020 07:22:51;49.969;316.2687778;
08.10.2020 07:22:52;49.932;314.4076667;
08.10.2020 07:22:53;49.87;314.4448889;
08.10.2020 07:22:54;49.781;317.0132222;
08.10.2020 07:22:55;49.738;322.1126667;
08.10.2020 07:22:56;49.772;323.8918889;
08.10.2020 07:22:57;49.842;323.8918889;
08.10.2020 07:22:58;49.896;306.5984444;
08.10.2020 07:22:59;49.921;297.5981111;
08.10.2020 07:23:00;49.932;299.2358889;
08.10.2020 07:23:01;49.91;303.5834444;
08.10.2020 07:23:02;49.871;304.6628889;
08.10.2020 07:23:03;49.842;312.8071111;
08.10.2020 07:23:04;49.842;313.8121111;
08.10.2020 07:23:05;49.875;311.9584444;
08.10.2020 07:23:06;49.898;306.9334444;
08.10.2020 07:23:07;49.898;303.9928889;
08.10.2020 07:23:08;49.865;303.9928889;
08.10.2020 07:23:09;49.839;304.6256667;
08.10.2020 07:23:10;49.814;309.874;
08.10.2020 07:23:11;49.814;307.0078889;
08.10.2020 07:23:12;49.814;304.9978889;
08.10.2020 07:23:13;49.834;304.1045556;
08.10.2020 07:23:14;49.855;299.422;
08.10.2020 07:23:15;49.869;298.2681111;
08.10.2020 07:23:16;49.869;299.422;
08.10.2020 07:23:17;49.852;301.0225556;
08.10.2020 07:23:18;49.852;303.3601111;
08.10.2020 07:23:19;49.852;303.8067778;
08.10.2020 07:23:20;49.852;305.4073333;
08.10.2020 07:23:21;49.852;304.5884444;
08.10.2020 07:23:22;49.864;302.3625556;
08.10.2020 07:23:23;49.864;302.102;
08.10.2020 07:23:24;49.864;301.2086667;
08.10.2020 07:23:25;49.864;301.6553333;
08.10.2020 07:23:26;49.864;302.5486667;
08.10.2020 07:23:27;49.864;302.8836667;
08.10.2020 07:23:28;49.856;303.0995556;
08.10.2020 07:23:29;49.856;303.6206667;
08.10.2020 07:23:30;49.856;303.5462222;
08.10.2020 07:23:31;49.856;303.3601111;
08.10.2020 07:23:32;49.856;302.8464444;
08.10.2020 07:23:33;49.856;303.3973333;
08.10.2020 07:23:34;49.856;303.0995556;
08.10.2020 07:23:35;49.856;303.2112222;
08.10.2020 07:23:36;49.856;303.6578889;
08.10.2020 07:23:37;49.856;303.7695556;
08.10.2020 07:23:38;49.856;303.5834444;
08.10.2020 07:23:39;49.856;302.772;
08.10.2020 07:23:40;49.856;302.8836667;
08.10.2020 07:23:41;49.856;302.6603333;
08.10.2020 07:23:42;49.856;302.5486667;
08.10.2020 07:23:43;49.856;302.5858889;
08.10.2020 07:23:44;49.856;302.9208889;
08.10.2020 07:23:45;49.856;302.5486667;
08.10.2020 07:23:46;49.856;302.8092222;
08.10.2020 07:23:47;49.856;303.0251111;
08.10.2020 07:23:48;49.856;302.0275556;
08.10.2020 07:23:49;49.856;301.767;
08.10.2020 07:23:50;49.856;301.2458889;
08.10.2020 07:23:51;49.856;301.6181111;
08.10.2020 07:23:52;49.856;302.6231111;
08.10.2020 07:23:53;49.856;302.6231111;
08.10.2020 07:23:54;49.856;302.7347778;
08.10.2020 07:23:55;49.856;302.3625556;
08.10.2020 07:23:56;49.856;302.772;
08.10.2020 07:23:57;49.856;302.5858889;
08.10.2020 07:23:58;49.856;302.6975556;
08.10.2020 07:23:59;49.856;302.8092222;
08.10.2020 07:24:00;49.856;303.2856667;
08.10.2020 07:24:01;49.856;303.3228889;
08.10.2020 07:24:02;49.856;303.3228889;
08.10.2020 07:24:03;49.856;303.2112222;
08.10.2020 07:24:04;49.856;303.2484444;
08.10.2020 07:24:05;49.856;303.2112222;
08.10.2020 07:24:06;49.856;303.6951111;
08.10.2020 07:24:07;49.856;303.3228889;
08.10.2020 07:24:08;49.866;302.9878889;
08.10.2020 07:24:09;49.866;303.174;
08.10.2020 07:24:10;49.866;303.7323333;
08.10.2020 07:24:11;49.866;303.0995556;
08.10.2020 07:24:12;49.866;303.2856667;
08.10.2020 07:24:13;49.866;303.5834444;
08.10.2020 07:24:14;49.866;303.5462222;
08.10.2020 07:24:15;49.866;304.2162222;
08.10.2020 07:24:16;49.866;304.1417778;
08.10.2020 07:24:17;49.866;304.6256667;
08.10.2020 07:24:18;49.866;304.5884444;
08.10.2020 07:24:19;49.866;304.4395556;
08.10.2020 07:24:20;49.866;304.4395556;
08.10.2020 07:24:21;49.866;303.9556667;
08.10.2020 07:24:22;49.866;304.1417778;
08.10.2020 07:24:23;49.866;304.2534444;
08.10.2020 07:24:24;49.866;304.4767778;
08.10.2020 07:24:25;49.866;304.4767778;
08.10.2020 07:24:26;49.866;304.179;
08.10.2020 07:24:27;49.866;304.179;
08.10.2020 07:24:28;49.872;304.2162222;
08.10.2020 07:24:29;49.872;303.9928889;
08.10.2020 07:24:30;49.872;304.849;
08.10.2020 07:24:31;49.872;305.1467778;
08.10.2020 07:24:32;49.872;304.3651111;
08.10.2020 07:24:33;49.872;304.4395556;
08.10.2020 07:24:34;49.872;304.6628889;
08.10.2020 07:24:35;49.872;304.4395556;
08.10.2020 07:24:36;49.872;304.2162222;
08.10.2020 07:24:37;49.872;304.5512222;
08.10.2020 07:24:38;49.872;304.3651111;
08.10.2020 07:24:39;49.872;305.184;
08.10.2020 07:24:40;49.872;304.6628889;
08.10.2020 07:24:41;49.872;305.184;
08.10.2020 07:24:42;49.872;304.6628889;
08.10.2020 07:24:43;49.872;304.2906667;
08.10.2020 07:24:44;49.872;304.4767778;
08.10.2020 07:24:45;49.872;304.3651111;
08.10.2020 07:24:46;49.872;304.7001111;
08.10.2020 07:24:47;49.872;304.5512222;
08.10.2020 07:24:48;49.872;304.7373333;
08.10.2020 07:24:49;49.872;304.0301111;
08.10.2020 07:24:50;49.872;304.2162222;
08.10.2020 07:24:51;49.872;304.849;
08.10.2020 07:24:52;49.872;304.514;
08.10.2020 07:24:53;49.872;304.6256667;
08.10.2020 07:24:54;49.872;304.8117778;
08.10.2020 07:24:55;49.872;304.8862222;
08.10.2020 07:24:56;49.872;304.4023333;
08.10.2020 07:24:57;49.872;304.2906667;
08.10.2020 07:24:58;49.872;304.1045556;
08.10.2020 07:24:59;49.872;304.6628889;
08.10.2020 07:25:00;49.872;304.5884444;
08.10.2020 07:25:01;49.872;304.849;
08.10.2020 07:25:02;49.872;303.6578889;
08.10.2020 07:25:03;49.872;303.9184444;
08.10.2020 07:25:04;49.872;305.1467778;
08.10.2020 07:25:05;49.872;305.2956667;
08.10.2020 07:25:06;49.883;305.0351111;
08.10.2020 07:25:07;49.883;305.0351111;
08.10.2020 07:25:08;49.883;305.9284444;
08.10.2020 07:25:09;49.883;306.2262222;
08.10.2020 07:25:10;49.883;306.0028889;
08.10.2020 07:25:11;49.883;306.0028889;
08.10.2020 07:25:12;49.883;305.854;
08.10.2020 07:25:13;49.883;306.2262222;
08.10.2020 07:25:14;49.883;305.4445556;
08.10.2020 07:25:15;49.883;305.8167778;
08.10.2020 07:25:16;49.883;305.3701111;
08.10.2020 07:25:17;49.883;305.2212222;
08.10.2020 07:25:18;49.883;305.5934444;
08.10.2020 07:25:19;49.883;304.9606667;
08.10.2020 07:25:20;49.883;305.4445556;
08.10.2020 07:25:21;49.883;305.2584444;
08.10.2020 07:25:22;49.883;305.0351111;
08.10.2020 07:25:23;49.883;305.519;
08.10.2020 07:25:24;49.883;305.7051111;
08.10.2020 07:25:25;49.883;305.3328889;
08.10.2020 07:25:26;49.883;305.184;
08.10.2020 07:25:27;49.883;305.5562222;
08.10.2020 07:25:28;49.875;305.6306667;
08.10.2020 07:25:29;49.875;305.5934444;
08.10.2020 07:25:30;49.875;305.2212222;
08.10.2020 07:25:31;49.875;304.8117778;
08.10.2020 07:25:32;49.875;304.8117778;
08.10.2020 07:25:33;49.875;304.8862222;
08.10.2020 07:25:34;49.875;304.8117778;
08.10.2020 07:25:35;49.875;305.0723333;
08.10.2020 07:25:36;49.875;305.0723333;
08.10.2020 07:25:37;49.875;305.3701111;
08.10.2020 07:25:38;49.875;305.184;
08.10.2020 07:25:39;49.875;304.6628889;
08.10.2020 07:25:40;49.875;304.5884444;
08.10.2020 07:25:41;49.875;304.8862222;
08.10.2020 07:25:42;49.875;304.6628889;
08.10.2020 07:25:43;49.875;304.7373333;
08.10.2020 07:25:44;49.875;304.3651111;
08.10.2020 07:25:45;49.875;304.5884444;
08.10.2020 07:25:46;49.875;304.849;
08.10.2020 07:25:47;49.875;304.3651111;
08.10.2020 07:25:48;49.875;304.6256667;
08.10.2020 07:25:49;49.875;305.2584444;
08.10.2020 07:25:50;49.875;304.7373333;
08.10.2020 07:25:51;49.875;304.2534444;
08.10.2020 07:25:52;49.875;304.7745556;
08.10.2020 07:25:53;49.875;304.6628889;
08.10.2020 07:25:54;49.875;304.9978889;
08.10.2020 07:25:55;49.875;304.849;
08.10.2020 07:25:56;49.875;304.6256667;
08.10.2020 07:25:57;49.875;304.8117778;
08.10.2020 07:25:58;49.875;305.4073333;
08.10.2020 07:25:59;49.875;304.7001111;
08.10.2020 07:26:00;49.875;304.2906667;
08.10.2020 07:26:01;49.875;304.7745556;
08.10.2020 07:26:02;49.875;305.2584444;
08.10.2020 07:26:03;49.886;305.7795556;
08.10.2020 07:26:04;49.886;305.3328889;
08.10.2020 07:26:05;49.886;305.4817778;
08.10.2020 07:26:06;49.886;306.0028889;
08.10.2020 07:26:07;49.886;306.0028889;
08.10.2020 07:26:08;49.886;306.4495556;
08.10.2020 07:26:09;49.886;306.2262222;
08.10.2020 07:26:10;49.886;306.2634444;
08.10.2020 07:26:11;49.886;306.2262222;
08.10.2020 07:26:12;49.886;306.6356667;
08.10.2020 07:26:13;49.886;307.0078889;
08.10.2020 07:26:14;49.898;306.3378889;
08.10.2020 07:26:15;49.898;305.8167778;
08.10.2020 07:26:16;49.898;306.1145556;
08.10.2020 07:26:17;49.898;306.3378889;
08.10.2020 07:26:18;49.898;306.859;
08.10.2020 07:26:19;49.898;307.6034444;
08.10.2020 07:26:20;49.898;307.194;
08.10.2020 07:26:21;49.898;307.6406667;
08.10.2020 07:26:22;49.898;307.9384444;
08.10.2020 07:26:23;49.898;307.529;
08.10.2020 07:26:24;49.898;307.1195556;
08.10.2020 07:26:25;49.898;307.1195556;
08.10.2020 07:26:26;49.898;307.2312222;
08.10.2020 07:26:27;49.898;307.7151111;
08.10.2020 07:26:28;49.898;307.7523333;
08.10.2020 07:26:29;49.892;307.5662222;
08.10.2020 07:26:30;49.892;307.7895556;
08.10.2020 07:26:31;49.892;307.0078889;
08.10.2020 07:26:32;49.892;306.9706667;
08.10.2020 07:26:33;49.892;307.2684444;
08.10.2020 07:26:34;49.892;306.9706667;
08.10.2020 07:26:35;49.892;306.7473333;
08.10.2020 07:26:36;49.892;307.8267778;
08.10.2020 07:26:37;49.892;307.6034444;
08.10.2020 07:26:38;49.892;307.8267778;
08.10.2020 07:26:39;49.892;307.6034444;
08.10.2020 07:26:40;49.892;307.0078889;
08.10.2020 07:26:41;49.892;307.194;
08.10.2020 07:26:42;49.892;307.4173333;
08.10.2020 07:26:43;49.892;307.4545556;
08.10.2020 07:26:44;49.892;307.2312222;
08.10.2020 07:26:45;49.892;307.4545556;
08.10.2020 07:26:46;49.892;307.7151111;
08.10.2020 07:26:47;49.892;307.4545556;
08.10.2020 07:26:48;49.892;307.1195556;
08.10.2020 07:26:49;49.892;307.1567778;
08.10.2020 07:26:50;49.892;307.3801111;
08.10.2020 07:26:51;49.892;307.5662222;
08.10.2020 07:26:52;49.892;307.529;
08.10.2020 07:26:53;49.892;307.5662222;
08.10.2020 07:26:54;49.892;307.4173333;
08.10.2020 07:26:55;49.892;307.1567778;
08.10.2020 07:26:56;49.892;307.1567778;
08.10.2020 07:26:57;49.892;306.524;
08.10.2020 07:26:58;49.892;306.6356667;
08.10.2020 07:26:59;49.892;306.6728889;
08.10.2020 07:27:00;49.88;307.0823333;
08.10.2020 07:27:01;49.88;307.0078889;
08.10.2020 07:27:02;49.88;306.4867778;
08.10.2020 07:27:03;49.88;305.2584444;
08.10.2020 07:27:04;49.88;305.3328889;
08.10.2020 07:27:05;49.88;305.4445556;
08.10.2020 07:27:06;49.88;305.854;
08.10.2020 07:27:07;49.88;305.854;
08.10.2020 07:27:08;49.88;304.9606667;
08.10.2020 07:27:09;49.88;305.519;
08.10.2020 07:27:10;49.88;305.1095556;
08.10.2020 07:27:11;49.88;305.0723333;
08.10.2020 07:27:12;49.88;305.4073333;
08.10.2020 07:27:13;49.88;305.184;
08.10.2020 07:27:14;49.88;305.2584444;
08.10.2020 07:27:15;49.88;304.9606667;
08.10.2020 07:27:16;49.88;305.3701111;
08.10.2020 07:27:17;49.88;305.8167778;
08.10.2020 07:27:18;49.88;305.8167778;
08.10.2020 07:27:19;49.88;305.8167778;
08.10.2020 07:27:20;49.88;306.189;
08.10.2020 07:27:21;49.88;306.0401111;
08.10.2020 07:27:22;49.88;306.2634444;
08.10.2020 07:27:23;49.88;305.854;
08.10.2020 07:27:24;49.88;306.0773333;
08.10.2020 07:27:25;49.88;306.7101111;
08.10.2020 07:27:26;49.88;306.8962222;
08.10.2020 07:27:27;49.88;306.4495556;
08.10.2020 07:27:28;49.88;306.0401111;
08.10.2020 07:27:29;49.885;306.1145556;
08.10.2020 07:27:30;49.885;305.5934444;
08.10.2020 07:27:31;49.885;305.2956667;
08.10.2020 07:27:32;49.885;304.9234444;
08.10.2020 07:27:33;49.885;305.7423333;
08.10.2020 07:27:34;49.885;306.1517778;
08.10.2020 07:27:35;49.885;306.3751111;
08.10.2020 07:27:36;49.885;306.2634444;
08.10.2020 07:27:37;49.885;306.0773333;
08.10.2020 07:27:38;49.885;305.8167778;
08.10.2020 07:27:39;49.885;306.0773333;
08.10.2020 07:27:40;49.885;306.524;
08.10.2020 07:27:41;49.885;306.1145556;
08.10.2020 07:27:42;49.885;305.8912222;
08.10.2020 07:27:43;49.885;306.0401111;
08.10.2020 07:27:44;49.885;306.4867778;
08.10.2020 07:27:45;49.885;306.4495556;
08.10.2020 07:27:46;49.885;306.859;
08.10.2020 07:27:47;49.885;306.1145556;
08.10.2020 07:27:48;49.885;306.3751111;
08.10.2020 07:27:49;49.885;306.3378889;
08.10.2020 07:27:50;49.885;306.1145556;
08.10.2020 07:27:51;49.885;306.2634444;
08.10.2020 07:27:52;49.885;306.3378889;
08.10.2020 07:27:53;49.885;305.5934444;
08.10.2020 07:27:54;49.885;305.7423333;
08.10.2020 07:27:55;49.885;305.1467778;
08.10.2020 07:27:56;49.885;304.9978889;
08.10.2020 07:27:57;49.872;304.9978889;
08.10.2020 07:27:58;49.872;305.7051111;
08.10.2020 07:27:59;49.872;305.8167778;
08.10.2020 07:28:00;49.872;305.519;
08.10.2020 07:28:01;49.872;304.9234444;
08.10.2020 07:28:02;49.872;305.1095556;
08.10.2020 07:28:03;49.872;305.2584444;
08.10.2020 07:28:04;49.872;304.7745556;
08.10.2020 07:28:05;49.872;305.1095556;
08.10.2020 07:28:06;49.872;305.1467778;
08.10.2020 07:28:07;49.872;305.4073333;
08.10.2020 07:28:08;49.872;305.7423333;
08.10.2020 07:28:09;49.872;305.3328889;
08.10.2020 07:28:10;49.872;304.5884444;
08.10.2020 07:28:11;49.872;304.8862222;
08.10.2020 07:28:12;49.872;305.2956667;
08.10.2020 07:28:13;49.872;305.1467778;
08.10.2020 07:28:14;49.872;305.184;
08.10.2020 07:28:15;49.872;305.1467778;
08.10.2020 07:28:16;49.872;305.519;
08.10.2020 07:28:17;49.872;305.6678889;
08.10.2020 07:28:18;49.872;305.6678889;
08.10.2020 07:28:19;49.872;305.8167778;
08.10.2020 07:28:20;49.872;305.5934444;
08.10.2020 07:28:21;49.872;306.189;
08.10.2020 07:28:22;49.872;306.189;
08.10.2020 07:28:23;49.872;306.0773333;
08.10.2020 07:28:24;49.872;305.9284444;
08.10.2020 07:28:25;49.872;305.7051111;
08.10.2020 07:28:26;49.872;305.9284444;
08.10.2020 07:28:27;49.872;305.9284444;
08.10.2020 07:28:28;49.872;306.4867778;
08.10.2020 07:28:29;49.878;306.5612222;
08.10.2020 07:28:30;49.878;305.7795556;
08.10.2020 07:28:31;49.878;305.7051111;
08.10.2020 07:28:32;49.878;305.519;
08.10.2020 07:28:33;49.878;305.2212222;
08.10.2020 07:28:34;49.878;305.0351111;
08.10.2020 07:28:35;49.878;305.184;
08.10.2020 07:28:36;49.878;304.6256667;
08.10.2020 07:28:37;49.878;304.4767778;
08.10.2020 07:28:38;49.878;304.514;
08.10.2020 07:28:39;49.878;304.8117778;
08.10.2020 07:28:40;49.878;304.7373333;
08.10.2020 07:28:41;49.878;304.6256667;
08.10.2020 07:28:42;49.878;304.8117778;
08.10.2020 07:28:43;49.878;304.6256667;
08.10.2020 07:28:44;49.878;304.1045556;
08.10.2020 07:28:45;49.878;304.9978889;
08.10.2020 07:28:46;49.878;304.5884444;
08.10.2020 07:28:47;49.867;305.184;
08.10.2020 07:28:48;49.867;304.8862222;
08.10.2020 07:28:49;49.867;305.2212222;
08.10.2020 07:28:50;49.867;305.184;
08.10.2020 07:28:51;49.867;304.3278889;
08.10.2020 07:28:52;49.867;304.0673333;
08.10.2020 07:28:53;49.878;304.1417778;
08.10.2020 07:28:54;49.878;303.6206667;
08.10.2020 07:28:55;49.878;304.2162222;
08.10.2020 07:28:56;49.878;304.849;
08.10.2020 07:28:57;49.878;304.7373333;
08.10.2020 07:28:58;49.878;304.514;
08.10.2020 07:28:59;49.878;304.3651111;
08.10.2020 07:29:00;49.878;304.8862222;
08.10.2020 07:29:01;49.878;304.8862222;
08.10.2020 07:29:02;49.878;305.0351111;
08.10.2020 07:29:03;49.878;304.9234444;
08.10.2020 07:29:04;49.878;305.4445556;
08.10.2020 07:29:05;49.878;305.519;
08.10.2020 07:29:06;49.878;305.1095556;
08.10.2020 07:29:07;49.878;305.1095556;
08.10.2020 07:29:08;49.878;305.3701111;
08.10.2020 07:29:09;49.878;305.3328889;
08.10.2020 07:29:10;49.878;305.4445556;
08.10.2020 07:29:11;49.878;304.9606667;
08.10.2020 07:29:12;49.878;304.5884444;
08.10.2020 07:29:13;49.878;304.5512222;
08.10.2020 07:29:14;49.878;303.844;
08.10.2020 07:29:15;49.878;304.9606667;
08.10.2020 07:29:16;49.878;305.5934444;
08.10.2020 07:29:17;49.878;305.6678889;
08.10.2020 07:29:18;49.878;305.4445556;
08.10.2020 07:29:19;49.878;305.6306667;
08.10.2020 07:29:20;49.878;305.2584444;
08.10.2020 07:29:21;49.878;306.0401111;
08.10.2020 07:29:22;49.878;305.4817778;
08.10.2020 07:29:23;49.878;305.4817778;
08.10.2020 07:29:24;49.878;305.2584444;
08.10.2020 07:29:25;49.878;305.9284444;
08.10.2020 07:29:26;49.878;306.6728889;
08.10.2020 07:29:27;49.878;306.0773333;
08.10.2020 07:29:28;49.878;305.6678889;
08.10.2020 07:29:29;49.887;306.1145556;
08.10.2020 07:29:30;49.887;305.9656667;
08.10.2020 07:29:31;49.887;305.5934444;
08.10.2020 07:29:32;49.887;305.9284444;
08.10.2020 07:29:33;49.887;305.8912222;
08.10.2020 07:29:34;49.887;305.9284444;
08.10.2020 07:29:35;49.887;305.5934444;
08.10.2020 07:29:36;49.887;305.7423333;
08.10.2020 07:29:37;49.887;305.7795556;
08.10.2020 07:29:38;49.887;305.9656667;
08.10.2020 07:29:39;49.887;306.189;
08.10.2020 07:29:40;49.887;306.0028889;
08.10.2020 07:29:41;49.887;306.3006667;
08.10.2020 07:29:42;49.887;306.9334444;
08.10.2020 07:29:43;49.887;306.9334444;
08.10.2020 07:29:44;49.887;306.189;
08.10.2020 07:29:45;49.887;306.524;
08.10.2020 07:29:46;49.887;306.5612222;
08.10.2020 07:29:47;49.887;306.1145556;
08.10.2020 07:29:48;49.887;306.524;
08.10.2020 07:29:49;49.887;306.5612222;
08.10.2020 07:29:50;49.887;306.5612222;
08.10.2020 07:29:51;49.887;306.0028889;
08.10.2020 07:29:52;49.887;306.1145556;
08.10.2020 07:29:53;49.887;305.8167778;
08.10.2020 07:29:54;49.887;306.2262222;
08.10.2020 07:29:55;49.887;305.8167778;
08.10.2020 07:29:56;49.887;305.519;
08.10.2020 07:29:57;49.887;305.7423333;
08.10.2020 07:29:58;49.887;305.4445556;
08.10.2020 07:29:59;49.887;306.3378889;
08.10.2020 07:30:00;49.887;305.8167778;
08.10.2020 07:30:01;49.887;305.8167778;
08.10.2020 07:30:02;49.887;306.0028889;
08.10.2020 07:30:03;49.887;305.9656667;
08.10.2020 07:30:04;49.887;305.7795556;
08.10.2020 07:30:05;49.887;305.9284444;
08.10.2020 07:30:06;49.887;305.9284444;
08.10.2020 07:30:07;49.887;306.3378889;
08.10.2020 07:30:08;49.887;306.1145556;
08.10.2020 07:30:09;49.887;306.4495556;
08.10.2020 07:30:10;49.887;306.7101111;
08.10.2020 07:30:11;49.887;306.0773333;
08.10.2020 07:30:12;49.887;306.4123333;
08.10.2020 07:30:13;49.887;306.524;
08.10.2020 07:30:14;49.887;306.524;
08.10.2020 07:30:15;49.887;307.1195556;
08.10.2020 07:30:16;49.887;307.2684444;
08.10.2020 07:30:17;49.887;306.3006667;
08.10.2020 07:30:18;49.887;306.6356667;
08.10.2020 07:30:19;49.887;306.9334444;
08.10.2020 07:30:20;49.887;306.3751111;
08.10.2020 07:30:21;49.887;306.524;
08.10.2020 07:30:22;49.887;306.859;
08.10.2020 07:30:23;49.887;306.6728889;
08.10.2020 07:30:24;49.887;307.4917778;
08.10.2020 07:30:25;49.887;307.6406667;
08.10.2020 07:30:26;49.887;307.4917778;
08.10.2020 07:30:27;49.887;307.1567778;
08.10.2020 07:30:28;49.887;306.7473333;
08.10.2020 07:30:29;49.887;306.7473333;
08.10.2020 07:30:30;49.888;306.3378889;
08.10.2020 07:30:31;49.888;306.5612222;
08.10.2020 07:30:32;49.888;306.9334444;
08.10.2020 07:30:33;49.888;306.5612222;
08.10.2020 07:30:34;49.888;306.6356667;
08.10.2020 07:30:35;49.888;306.5984444;
08.10.2020 07:30:36;49.888;306.4867778;
08.10.2020 07:30:37;49.888;306.189;
08.10.2020 07:30:38;49.888;305.519;
08.10.2020 07:30:39;49.888;305.6678889;
08.10.2020 07:30:40;49.888;305.7795556;
08.10.2020 07:30:41;49.888;306.7101111;
08.10.2020 07:30:42;49.888;306.524;
08.10.2020 07:30:43;49.888;306.2262222;
08.10.2020 07:30:44;49.888;306.3751111;
08.10.2020 07:30:45;49.901;306.0773333;
08.10.2020 07:30:46;49.901;305.7423333;
08.10.2020 07:30:47;49.901;305.9656667;
08.10.2020 07:30:48;49.901;305.9284444;
08.10.2020 07:30:49;49.901;306.7845556;
08.10.2020 07:30:50;49.901;307.2684444;
08.10.2020 07:30:51;49.901;307.6406667;
08.10.2020 07:30:52;49.901;307.194;
08.10.2020 07:30:53;49.901;307.2312222;
08.10.2020 07:30:54;49.901;307.4545556;
08.10.2020 07:30:55;49.901;307.5662222;
08.10.2020 07:30:56;49.901;307.4917778;
08.10.2020 07:30:57;49.901;307.7523333;
08.10.2020 07:30:58;49.901;307.7895556;
08.10.2020 07:30:59;49.901;307.7523333;
08.10.2020 07:31:00;49.901;307.6406667;
08.10.2020 07:31:01;49.901;307.4917778;
08.10.2020 07:31:02;49.901;307.2312222;
08.10.2020 07:31:03;49.901;307.6406667;
08.10.2020 07:31:04;49.901;307.4545556;
08.10.2020 07:31:05;49.901;307.2684444;
08.10.2020 07:31:06;49.901;307.8267778;
08.10.2020 07:31:07;49.901;307.9756667;
08.10.2020 07:31:08;49.901;307.7895556;
08.10.2020 07:31:09;49.901;307.6778889;
08.10.2020 07:31:10;49.901;307.3428889;
08.10.2020 07:31:11;49.901;307.1567778;
08.10.2020 07:31:12;49.901;307.7151111;
08.10.2020 07:31:13;49.901;307.3428889;
08.10.2020 07:31:14;49.901;307.529;
08.10.2020 07:31:15;49.901;307.864;
08.10.2020 07:31:16;49.901;307.6034444;
08.10.2020 07:31:17;49.901;308.0501111;
08.10.2020 07:31:18;49.901;307.9384444;
08.10.2020 07:31:19;49.901;308.0128889;
08.10.2020 07:31:20;49.901;308.1617778;
08.10.2020 07:31:21;49.901;308.4967778;
08.10.2020 07:31:22;49.901;308.3478889;
08.10.2020 07:31:23;49.901;308.4967778;
08.10.2020 07:31:24;49.901;307.7895556;
08.10.2020 07:31:25;49.901;308.1617778;
08.10.2020 07:31:26;49.901;308.0128889;
08.10.2020 07:31:27;49.901;308.3851111;
08.10.2020 07:31:28;49.901;308.3851111;
08.10.2020 07:31:29;49.901;308.2734444;
08.10.2020 07:31:30;49.905;307.8267778;
08.10.2020 07:31:31;49.905;308.534;
08.10.2020 07:31:32;49.905;307.9756667;
08.10.2020 07:31:33;49.905;308.2734444;
08.10.2020 07:31:34;49.905;308.3106667;
08.10.2020 07:31:35;49.905;307.864;
08.10.2020 07:31:36;49.905;308.0873333;
08.10.2020 07:31:37;49.893;308.1617778;
08.10.2020 07:31:38;49.893;308.199;
08.10.2020 07:31:39;49.893;308.3851111;
08.10.2020 07:31:40;49.893;307.864;
08.10.2020 07:31:41;49.893;308.0873333;
08.10.2020 07:31:42;49.893;307.6406667;
08.10.2020 07:31:43;49.893;307.6406667;
08.10.2020 07:31:44;49.893;307.4917778;
08.10.2020 07:31:45;49.893;307.3801111;
08.10.2020 07:31:46;49.893;307.6406667;
08.10.2020 07:31:47;49.893;307.5662222;
08.10.2020 07:31:48;49.893;307.3056667;
08.10.2020 07:31:49;49.893;307.4917778;
08.10.2020 07:31:50;49.893;307.2312222;
08.10.2020 07:31:51;49.893;307.3801111;
08.10.2020 07:31:52;49.893;307.2684444;
08.10.2020 07:31:53;49.893;306.7845556;
08.10.2020 07:31:54;49.893;307.0078889;
08.10.2020 07:31:55;49.893;307.3801111;
08.10.2020 07:31:56;49.893;306.9706667;
08.10.2020 07:31:57;49.893;306.9334444;
08.10.2020 07:31:58;49.893;307.0451111;
08.10.2020 07:31:59;49.893;307.5662222;
08.10.2020 07:32:00;49.893;307.0078889;
08.10.2020 07:32:01;49.893;306.9334444;
08.10.2020 07:32:02;49.893;307.3428889;
08.10.2020 07:32:03;49.893;306.6728889;
08.10.2020 07:32:04;49.893;307.0078889;
08.10.2020 07:32:05;49.893;307.529;
08.10.2020 07:32:06;49.893;307.529;
08.10.2020 07:32:07;49.893;307.529;
08.10.2020 07:32:08;49.893;307.3801111;
08.10.2020 07:32:09;49.893;307.6406667;
08.10.2020 07:32:10;49.893;306.6728889;
08.10.2020 07:32:11;49.893;307.3801111;
08.10.2020 07:32:12;49.893;307.0823333;
08.10.2020 07:32:13;49.893;307.6406667;
08.10.2020 07:32:14;49.893;306.859;
08.10.2020 07:32:15;49.893;307.7895556;
08.10.2020 07:32:16;49.893;307.529;
08.10.2020 07:32:17;49.893;307.2684444;
08.10.2020 07:32:18;49.893;307.3056667;
08.10.2020 07:32:19;49.893;307.2684444;
08.10.2020 07:32:20;49.893;307.1195556;
08.10.2020 07:32:21;49.893;307.6778889;
08.10.2020 07:32:22;49.893;308.1617778;
08.10.2020 07:32:23;49.893;307.4917778;
08.10.2020 07:32:24;49.893;307.9012222;
08.10.2020 07:32:25;49.893;307.4917778;
08.10.2020 07:32:26;49.893;307.2312222;
08.10.2020 07:32:27;49.893;307.4173333;
08.10.2020 07:32:28;49.893;307.0451111;
08.10.2020 07:32:29;49.893;307.194;
08.10.2020 07:32:30;49.893;307.194;
08.10.2020 07:32:31;49.895;307.4545556;
08.10.2020 07:32:32;49.895;307.2312222;
08.10.2020 07:32:33;49.895;307.194;
08.10.2020 07:32:34;49.895;307.4917778;
08.10.2020 07:32:35;49.895;307.1567778;
08.10.2020 07:32:36;49.895;306.9706667;
08.10.2020 07:32:37;49.895;306.859;
08.10.2020 07:32:38;49.895;306.859;
08.10.2020 07:32:39;49.895;307.194;
08.10.2020 07:32:40;49.895;307.4173333;
08.10.2020 07:32:41;49.895;307.2312222;
08.10.2020 07:32:42;49.895;307.8267778;
08.10.2020 07:32:43;49.895;307.9012222;
08.10.2020 07:32:44;49.895;308.2362222;
08.10.2020 07:32:45;49.895;307.7151111;
08.10.2020 07:32:46;49.895;307.1567778;
08.10.2020 07:32:47;49.895;307.1567778;
08.10.2020 07:32:48;49.895;307.4917778;
08.10.2020 07:32:49;49.895;307.7151111;
08.10.2020 07:32:50;49.895;307.0823333;
08.10.2020 07:32:51;49.895;307.7151111;
08.10.2020 07:32:52;49.895;307.4917778;
08.10.2020 07:32:53;49.895;307.864;
08.10.2020 07:32:54;49.895;307.7523333;
08.10.2020 07:32:55;49.895;307.529;
08.10.2020 07:32:56;49.895;307.6034444;
08.10.2020 07:32:57;49.895;307.1195556;
08.10.2020 07:32:58;49.895;307.6034444;
08.10.2020 07:32:59;49.895;307.0078889;
08.10.2020 07:33:00;49.895;306.9706667;
08.10.2020 07:33:01;49.895;307.3428889;
08.10.2020 07:33:02;49.895;307.4173333;
08.10.2020 07:33:03;49.895;307.6406667;
08.10.2020 07:33:04;49.895;307.6406667;
08.10.2020 07:33:05;49.895;307.3801111;
08.10.2020 07:33:06;49.895;306.5984444;
08.10.2020 07:33:07;49.895;306.3751111;
08.10.2020 07:33:08;49.895;306.3006667;
08.10.2020 07:33:09;49.895;306.2634444;
08.10.2020 07:33:10;49.895;306.859;
08.10.2020 07:33:11;49.895;306.5984444;
08.10.2020 07:33:12;49.895;306.5984444;
08.10.2020 07:33:13;49.895;307.3056667;
08.10.2020 07:33:14;49.895;306.7845556;
08.10.2020 07:33:15;49.895;306.9706667;
08.10.2020 07:33:16;49.895;306.7845556;
08.10.2020 07:33:17;49.895;306.4123333;
08.10.2020 07:33:18;49.895;306.9706667;
08.10.2020 07:33:19;49.895;306.6356667;
08.10.2020 07:33:20;49.895;306.7101111;
08.10.2020 07:33:21;49.895;306.3378889;
08.10.2020 07:33:22;49.895;306.524;
08.10.2020 07:33:23;49.895;306.7845556;
08.10.2020 07:33:24;49.895;306.859;
08.10.2020 07:33:25;49.895;306.859;
08.10.2020 07:33:26;49.895;306.9706667;
08.10.2020 07:33:27;49.895;307.1567778;
08.10.2020 07:33:28;49.895;307.7523333;
08.10.2020 07:33:29;49.895;307.4917778;
08.10.2020 07:33:30;49.9;307.529;
08.10.2020 07:33:31;49.9;307.4173333;
08.10.2020 07:33:32;49.9;307.1567778;
08.10.2020 07:33:33;49.89;307.2312222;
08.10.2020 07:33:34;49.89;307.3428889;
08.10.2020 07:33:35;49.89;307.864;
08.10.2020 07:33:36;49.89;308.0501111;
08.10.2020 07:33:37;49.89;307.6034444;
08.10.2020 07:33:38;49.89;307.6034444;
08.10.2020 07:33:39;49.89;307.2312222;
08.10.2020 07:33:40;49.89;307.3056667;
08.10.2020 07:33:41;49.89;307.3056667;
08.10.2020 07:33:42;49.89;307.1567778;
08.10.2020 07:33:43;49.9;307.7523333;
08.10.2020 07:33:44;49.9;307.7523333;
08.10.2020 07:33:45;49.9;307.194;
08.10.2020 07:33:46;49.9;306.3751111;
08.10.2020 07:33:47;49.9;306.5984444;
08.10.2020 07:33:48;49.9;307.2312222;
08.10.2020 07:33:49;49.9;307.7895556;
08.10.2020 07:33:50;49.9;308.0501111;
08.10.2020 07:33:51;49.9;307.7523333;
08.10.2020 07:33:52;49.9;307.4545556;
08.10.2020 07:33:53;49.9;308.3478889;
08.10.2020 07:33:54;49.9;307.6406667;
08.10.2020 07:33:55;49.9;307.7895556;
08.10.2020 07:33:56;49.9;308.2734444;
08.10.2020 07:33:57;49.89;308.199;
08.10.2020 07:33:58;49.89;308.4223333;
08.10.2020 07:33:59;49.89;308.3851111;
08.10.2020 07:34:00;49.89;307.9012222;
08.10.2020 07:34:01;49.89;307.7151111;
08.10.2020 07:34:02;49.89;307.0823333;
08.10.2020 07:34:03;49.89;306.859;
08.10.2020 07:34:04;49.89;307.3428889;
08.10.2020 07:34:05;49.89;307.1567778;
08.10.2020 07:34:06;49.89;307.3801111;
08.10.2020 07:34:07;49.89;307.0078889;
08.10.2020 07:34:08;49.89;307.1567778;
08.10.2020 07:34:09;49.903;307.2684444;
08.10.2020 07:34:10;49.903;307.2684444;
08.10.2020 07:34:11;49.903;306.6356667;
08.10.2020 07:34:12;49.903;306.4123333;
08.10.2020 07:34:13;49.903;306.7473333;
08.10.2020 07:34:14;49.903;307.3801111;
08.10.2020 07:34:15;49.903;307.4917778;
08.10.2020 07:34:16;49.903;307.4545556;
08.10.2020 07:34:17;49.903;307.6406667;
08.10.2020 07:34:18;49.903;306.9706667;
08.10.2020 07:34:19;49.903;307.2312222;
08.10.2020 07:34:20;49.903;307.194;
08.10.2020 07:34:21;49.903;307.5662222;
08.10.2020 07:34:22;49.903;307.7151111;
08.10.2020 07:34:23;49.903;307.7895556;
08.10.2020 07:34:24;49.903;307.864;
08.10.2020 07:34:25;49.903;307.6778889;
08.10.2020 07:34:26;49.903;307.6406667;
08.10.2020 07:34:27;49.903;307.194;
08.10.2020 07:34:28;49.903;307.8267778;
08.10.2020 07:34:29;49.903;307.6778889;
08.10.2020 07:34:30;49.903;307.7895556;
08.10.2020 07:34:31;49.908;307.6778889;
08.10.2020 07:34:32;49.908;307.8267778;
08.10.2020 07:34:33;49.908;307.4545556;
08.10.2020 07:34:34;49.908;308.2362222;
08.10.2020 07:34:35;49.908;308.3478889;
08.10.2020 07:34:36;49.908;308.9062222;
08.10.2020 07:34:37;49.908;308.3851111;
08.10.2020 07:34:38;49.908;308.7945556;
08.10.2020 07:34:39;49.908;308.6828889;
08.10.2020 07:34:40;49.908;309.3901111;
08.10.2020 07:34:41;49.908;309.4645556;
08.10.2020 07:34:42;49.908;309.4273333;
08.10.2020 07:34:43;49.908;309.1667778;
08.10.2020 07:34:44;49.908;309.3156667;
08.10.2020 07:34:45;49.908;309.4273333;
08.10.2020 07:34:46;49.908;309.3156667;
08.10.2020 07:34:47;49.908;308.9062222;
08.10.2020 07:34:48;49.908;309.1667778;
08.10.2020 07:34:49;49.908;308.8317778;
08.10.2020 07:34:50;49.908;308.869;
08.10.2020 07:34:51;49.908;308.7573333;
08.10.2020 07:34:52;49.908;308.2362222;
08.10.2020 07:34:53;49.908;308.199;
08.10.2020 07:34:54;49.895;308.6456667;
08.10.2020 07:34:55;49.895;307.9012222;
08.10.2020 07:34:56;49.895;308.3478889;
08.10.2020 07:34:57;49.895;308.199;
08.10.2020 07:34:58;49.906;308.5712222;
08.10.2020 07:34:59;49.906;307.864;
08.10.2020 07:35:00;49.906;307.2684444;
08.10.2020 07:35:01;49.906;306.8962222;
08.10.2020 07:35:02;49.895;307.3056667;
08.10.2020 07:35:03;49.895;308.4223333;
08.10.2020 07:35:04;49.895;308.3851111;
08.10.2020 07:35:05;49.895;307.7523333;
08.10.2020 07:35:06;49.895;307.9384444;
08.10.2020 07:35:07;49.895;308.199;
08.10.2020 07:35:08;49.895;307.8267778;
08.10.2020 07:35:09;49.895;307.6778889;
08.10.2020 07:35:10;49.895;307.2684444;
08.10.2020 07:35:11;49.895;307.7895556;
08.10.2020 07:35:12;49.895;308.3851111;
08.10.2020 07:35:13;49.895;308.199;
08.10.2020 07:35:14;49.895;307.9384444;
08.10.2020 07:35:15;49.91;307.9756667;
08.10.2020 07:35:16;49.91;308.2362222;
08.10.2020 07:35:17;49.91;307.5662222;
08.10.2020 07:35:18;49.91;307.9756667;
08.10.2020 07:35:19;49.91;308.1617778;
08.10.2020 07:35:20;49.91;308.4595556;
08.10.2020 07:35:21;49.91;308.0128889;
08.10.2020 07:35:22;49.91;308.534;
08.10.2020 07:35:23;49.91;309.1295556;
08.10.2020 07:35:24;49.91;309.0923333;
08.10.2020 07:35:25;49.91;308.869;
08.10.2020 07:35:26;49.91;309.0551111;
08.10.2020 07:35:27;49.91;308.8317778;
08.10.2020 07:35:28;49.91;308.6456667;
08.10.2020 07:35:29;49.91;308.3478889;
08.10.2020 07:35:30;49.897;308.5712222;
08.10.2020 07:35:31;49.897;308.7201111;
08.10.2020 07:35:32;49.897;309.0178889;
08.10.2020 07:35:33;49.897;309.2412222;
08.10.2020 07:35:34;49.897;309.1667778;
08.10.2020 07:35:35;49.897;308.9062222;
08.10.2020 07:35:36;49.897;308.869;
08.10.2020 07:35:37;49.897;308.6828889;
08.10.2020 07:35:38;49.897;308.3478889;
08.10.2020 07:35:39;49.897;308.6084444;
08.10.2020 07:35:40;49.897;309.2412222;
08.10.2020 07:35:41;49.897;308.869;
08.10.2020 07:35:42;49.897;307.9756667;
08.10.2020 07:35:43;49.897;307.7151111;
08.10.2020 07:35:44;49.897;307.5662222;
08.10.2020 07:35:45;49.897;307.4173333;
08.10.2020 07:35:46;49.897;307.9756667;
08.10.2020 07:35:47;49.897;307.8267778;
08.10.2020 07:35:48;49.897;307.8267778;
08.10.2020 07:35:49;49.907;308.1617778;
08.10.2020 07:35:50;49.907;308.2734444;
08.10.2020 07:35:51;49.907;308.2362222;
08.10.2020 07:35:52;49.907;308.0128889;
08.10.2020 07:35:53;49.907;307.6778889;
08.10.2020 07:35:54;49.907;308.2362222;
08.10.2020 07:35:55;49.907;308.5712222;
08.10.2020 07:35:56;49.907;308.869;
08.10.2020 07:35:57;49.907;308.7945556;
08.10.2020 07:35:58;49.907;308.7201111;
08.10.2020 07:35:59;49.907;308.534;
08.10.2020 07:36:00;49.907;308.2734444;
08.10.2020 07:36:01;49.907;308.4967778;
08.10.2020 07:36:02;49.897;308.6456667;
08.10.2020 07:36:03;49.897;308.6456667;
08.10.2020 07:36:04;49.897;308.5712222;
08.10.2020 07:36:05;49.897;308.3851111;
08.10.2020 07:36:06;49.897;308.2734444;
08.10.2020 07:36:07;49.897;308.3478889;
08.10.2020 07:36:08;49.897;308.3478889;
08.10.2020 07:36:09;49.897;308.3478889;
08.10.2020 07:36:10;49.897;308.1617778;
08.10.2020 07:36:11;49.897;308.534;
08.10.2020 07:36:12;49.897;308.2362222;
08.10.2020 07:36:13;49.897;308.0873333;
08.10.2020 07:36:14;49.897;308.0128889;
08.10.2020 07:36:15;49.897;307.7523333;
08.10.2020 07:36:16;49.897;308.0501111;
08.10.2020 07:36:17;49.897;307.9756667;
08.10.2020 07:36:18;49.897;308.199;
08.10.2020 07:36:19;49.897;307.7523333;
08.10.2020 07:36:20;49.897;307.8267778;
08.10.2020 07:36:21;49.897;307.1567778;
08.10.2020 07:36:22;49.897;307.864;
08.10.2020 07:36:23;49.897;307.3428889;
08.10.2020 07:36:24;49.897;308.4223333;
08.10.2020 07:36:25;49.897;308.0501111;
08.10.2020 07:36:26;49.897;307.864;
08.10.2020 07:36:27;49.908;307.4545556;
08.10.2020 07:36:28;49.908;307.529;
08.10.2020 07:36:29;49.908;307.194;
08.10.2020 07:36:30;49.908;307.7895556;
08.10.2020 07:36:31;49.908;307.9756667;
08.10.2020 07:36:32;49.903;308.4967778;
08.10.2020 07:36:33;49.903;308.8317778;
08.10.2020 07:36:34;49.903;308.6084444;
08.10.2020 07:36:35;49.915;308.0873333;
08.10.2020 07:36:36;49.915;307.864;
08.10.2020 07:36:37;49.915;308.534;
08.10.2020 07:36:38;49.915;309.2784444;
08.10.2020 07:36:39;49.915;309.1667778;
08.10.2020 07:36:40;49.915;309.3528889;
08.10.2020 07:36:41;49.915;309.204;
08.10.2020 07:36:42;49.915;309.1295556;
08.10.2020 07:36:43;49.915;309.1295556;
08.10.2020 07:36:44;49.915;308.8317778;
08.10.2020 07:36:45;49.915;309.3156667;
08.10.2020 07:36:46;49.904;309.4273333;
08.10.2020 07:36:47;49.904;309.6878889;
08.10.2020 07:36:48;49.904;310.0228889;
08.10.2020 07:36:49;49.904;309.3528889;
08.10.2020 07:36:50;49.904;309.0923333;
08.10.2020 07:36:51;49.904;309.0178889;
08.10.2020 07:36:52;49.904;308.6828889;
08.10.2020 07:36:53;49.904;309.0551111;
08.10.2020 07:36:54;49.904;309.204;
08.10.2020 07:36:55;49.904;309.0178889;
08.10.2020 07:36:56;49.904;308.1245556;
08.10.2020 07:36:57;49.904;308.9062222;
08.10.2020 07:36:58;49.904;308.4595556;
08.10.2020 07:36:59;49.914;308.9062222;
08.10.2020 07:37:00;49.914;308.5712222;
08.10.2020 07:37:01;49.914;308.6084444;
08.10.2020 07:37:02;49.914;308.2734444;
08.10.2020 07:37:03;49.914;308.4223333;
08.10.2020 07:37:04;49.914;309.0923333;
08.10.2020 07:37:05;49.914;308.9434444;
08.10.2020 07:37:06;49.914;309.3901111;
08.10.2020 07:37:07;49.914;309.539;
08.10.2020 07:37:08;49.914;309.539;
08.10.2020 07:37:09;49.914;309.6878889;
08.10.2020 07:37:10;49.914;309.8367778;
08.10.2020 07:37:11;49.914;309.3156667;
08.10.2020 07:37:12;49.914;309.4273333;
08.10.2020 07:37:13;49.914;309.7251111;
08.10.2020 07:37:14;49.914;310.0228889;
08.10.2020 07:37:15;49.914;310.1717778;
08.10.2020 07:37:16;49.914;310.4695556;
08.10.2020 07:37:17;49.914;309.9856667;
08.10.2020 07:37:18;49.914;310.1717778;
08.10.2020 07:37:19;49.914;309.6134444;
08.10.2020 07:37:20;49.914;309.5017778;
08.10.2020 07:37:21;49.914;309.4273333;
08.10.2020 07:37:22;49.914;310.0973333;
08.10.2020 07:37:23;49.914;310.7673333;
08.10.2020 07:37:24;49.914;310.5812222;
08.10.2020 07:37:25;49.926;309.539;
08.10.2020 07:37:26;49.926;309.6134444;
08.10.2020 07:37:27;49.926;309.7623333;
08.10.2020 07:37:28;49.926;309.6878889;
08.10.2020 07:37:29;49.926;310.0228889;
08.10.2020 07:37:30;49.926;310.1717778;
08.10.2020 07:37:31;49.926;310.5812222;
08.10.2020 07:37:32;49.918;310.3951111;
08.10.2020 07:37:33;49.918;310.7301111;
08.10.2020 07:37:34;49.918;310.7301111;
08.10.2020 07:37:35;49.918;310.8417778;
08.10.2020 07:37:36;49.918;310.6928889;
08.10.2020 07:37:37;49.918;310.1345556;
08.10.2020 07:37:38;49.918;310.0601111;
08.10.2020 07:37:39;49.918;310.2462222;
08.10.2020 07:37:40;49.918;310.6556667;
08.10.2020 07:37:41;49.918;310.3951111;
08.10.2020 07:37:42;49.918;310.3951111;
08.10.2020 07:37:43;49.918;310.6184444;
08.10.2020 07:37:44;49.918;310.4323333;
08.10.2020 07:37:45;49.918;310.4323333;
08.10.2020 07:37:46;49.918;310.1717778;
08.10.2020 07:37:47;49.918;310.4323333;
08.10.2020 07:37:48;49.918;310.4323333;
08.10.2020 07:37:49;49.918;310.3951111;
08.10.2020 07:37:50;49.918;310.7673333;
08.10.2020 07:37:51;49.918;310.3951111;
08.10.2020 07:37:52;49.918;310.9534444;
08.10.2020 07:37:53;49.918;310.0973333;
08.10.2020 07:37:54;49.918;310.1345556;
08.10.2020 07:37:55;49.918;310.1717778;
08.10.2020 07:37:56;49.918;310.3578889;
08.10.2020 07:37:57;49.918;310.3578889;
08.10.2020 07:37:58;49.918;310.5812222;
08.10.2020 07:37:59;49.918;310.9534444;
08.10.2020 07:38:00;49.918;310.5067778;
08.10.2020 07:38:01;49.918;309.9484444;
08.10.2020 07:38:02;49.918;309.6506667;
08.10.2020 07:38:03;49.918;309.5762222;
08.10.2020 07:38:04;49.918;309.3156667;
08.10.2020 07:38:05;49.918;309.4273333;
08.10.2020 07:38:06;49.918;309.3901111;
08.10.2020 07:38:07;49.918;309.9484444;
08.10.2020 07:38:08;49.918;309.9484444;
08.10.2020 07:38:09;49.918;309.0923333;
08.10.2020 07:38:10;49.918;309.539;
08.10.2020 07:38:11;49.918;308.4967778;
08.10.2020 07:38:12;49.918;308.5712222;
08.10.2020 07:38:13;49.918;309.0923333;
08.10.2020 07:38:14;49.918;309.6134444;
08.10.2020 07:38:15;49.918;309.539;
08.10.2020 07:38:16;49.918;309.5762222;
08.10.2020 07:38:17;49.918;309.5762222;
08.10.2020 07:38:18;49.918;309.4273333;
08.10.2020 07:38:19;49.918;309.7251111;
08.10.2020 07:38:20;49.918;309.7995556;
08.10.2020 07:38:21;49.918;309.6134444;
08.10.2020 07:38:22;49.918;310.3951111;
08.10.2020 07:38:23;49.918;310.3951111;
08.10.2020 07:38:24;49.918;310.2462222;
08.10.2020 07:38:25;49.918;310.2462222;
08.10.2020 07:38:26;49.918;310.879;
08.10.2020 07:38:27;49.918;310.7301111;
08.10.2020 07:38:28;49.918;309.9112222;
08.10.2020 07:38:29;49.918;310.3578889;
08.10.2020 07:38:30;49.918;310.3578889;
08.10.2020 07:38:31;49.918;310.0973333;
08.10.2020 07:38:32;49.916;310.4695556;
08.10.2020 07:38:33;49.916;310.0601111;
08.10.2020 07:38:34;49.916;310.2834444;
08.10.2020 07:38:35;49.916;310.209;
08.10.2020 07:38:36;49.916;309.7251111;
08.10.2020 07:38:37;49.916;309.9856667;
08.10.2020 07:38:38;49.916;309.9484444;
08.10.2020 07:38:39;49.916;310.1345556;
08.10.2020 07:38:40;49.916;310.1345556;
08.10.2020 07:38:41;49.916;310.0601111;
08.10.2020 07:38:42;49.916;309.5762222;
08.10.2020 07:38:43;49.916;309.7251111;
08.10.2020 07:38:44;49.916;309.6506667;
08.10.2020 07:38:45;49.916;309.3528889;
08.10.2020 07:38:46;49.916;309.5762222;
08.10.2020 07:38:47;49.916;310.0601111;
08.10.2020 07:38:48;49.916;309.5017778;
08.10.2020 07:38:49;49.916;310.1345556;
08.10.2020 07:38:50;49.916;309.9112222;
08.10.2020 07:38:51;49.916;309.9112222;
08.10.2020 07:38:52;49.916;309.9112222;
08.10.2020 07:38:53;49.916;309.7623333;
08.10.2020 07:38:54;49.916;309.8367778;
08.10.2020 07:38:55;49.916;309.874;
08.10.2020 07:38:56;49.916;310.4323333;
08.10.2020 07:38:57;49.916;309.9856667;
08.10.2020 07:38:58;49.916;309.5017778;
08.10.2020 07:38:59;49.916;309.5017778;
08.10.2020 07:39:00;49.916;309.6506667;
08.10.2020 07:39:01;49.916;309.3156667;
08.10.2020 07:39:02;49.916;309.4645556;
08.10.2020 07:39:03;49.916;310.1345556;
08.10.2020 07:39:04;49.916;310.3206667;
08.10.2020 07:39:05;49.916;309.7623333;
08.10.2020 07:39:06;49.916;309.6878889;
08.10.2020 07:39:07;49.916;309.6134444;
08.10.2020 07:39:08;49.916;309.9484444;
08.10.2020 07:39:09;49.916;309.9112222;
08.10.2020 07:39:10;49.916;309.8367778;
08.10.2020 07:39:11;49.916;309.9484444;
08.10.2020 07:39:12;49.916;309.9112222;
08.10.2020 07:39:13;49.916;310.0228889;
08.10.2020 07:39:14;49.916;309.7995556;
08.10.2020 07:39:15;49.916;309.7995556;
08.10.2020 07:39:16;49.916;309.9856667;
08.10.2020 07:39:17;49.916;309.7251111;
08.10.2020 07:39:18;49.916;310.2462222;
08.10.2020 07:39:19;49.916;309.8367778;
08.10.2020 07:39:20;49.916;310.2834444;
08.10.2020 07:39:21;49.916;310.0973333;
08.10.2020 07:39:22;49.916;309.7623333;
08.10.2020 07:39:23;49.916;309.6878889;
08.10.2020 07:39:24;49.916;310.0973333;
08.10.2020 07:39:25;49.916;309.874;
08.10.2020 07:39:26;49.916;309.9484444;
08.10.2020 07:39:27;49.916;310.0601111;
08.10.2020 07:39:28;49.916;309.6878889;
08.10.2020 07:39:29;49.916;310.0601111;
08.10.2020 07:39:30;49.916;309.6134444;
08.10.2020 07:39:31;49.916;310.0601111;
08.10.2020 07:39:32;49.92;310.5067778;
08.10.2020 07:39:33;49.92;310.6556667;
08.10.2020 07:39:34;49.92;310.6556667;
08.10.2020 07:39:35;49.92;309.9856667;
08.10.2020 07:39:36;49.92;310.8417778;
08.10.2020 07:39:37;49.92;310.879;
08.10.2020 07:39:38;49.92;310.3951111;
08.10.2020 07:39:39;49.92;310.2462222;
08.10.2020 07:39:40;49.92;310.4323333;
08.10.2020 07:39:41;49.92;310.0601111;
08.10.2020 07:39:42;49.92;310.0973333;
08.10.2020 07:39:43;49.92;310.3951111;
08.10.2020 07:39:44;49.92;310.9162222;
08.10.2020 07:39:45;49.92;310.7301111;
08.10.2020 07:39:46;49.92;310.4695556;
08.10.2020 07:39:47;49.92;310.9534444;
08.10.2020 07:39:48;49.92;310.879;
08.10.2020 07:39:49;49.92;311.0651111;
08.10.2020 07:39:50;49.92;310.9534444;
08.10.2020 07:39:51;49.92;310.6928889;
08.10.2020 07:39:52;49.92;311.3256667;
08.10.2020 07:39:53;49.92;311.7723333;
08.10.2020 07:39:54;49.92;311.549;
08.10.2020 07:39:55;49.92;311.2512222;
08.10.2020 07:39:56;49.92;310.9534444;
08.10.2020 07:39:57;49.92;311.1023333;
08.10.2020 07:39:58;49.92;311.2512222;
08.10.2020 07:39:59;49.92;311.1767778;
08.10.2020 07:40:00;49.92;310.6928889;
08.10.2020 07:40:01;49.92;310.544;
08.10.2020 07:40:02;49.92;310.8417778;
08.10.2020 07:40:03;49.92;310.9906667;
08.10.2020 07:40:04;49.92;311.1023333;
08.10.2020 07:40:05;49.92;310.4323333;
08.10.2020 07:40:06;49.92;311.0278889;
08.10.2020 07:40:07;49.931;310.7673333;
08.10.2020 07:40:08;49.931;310.6928889;
08.10.2020 07:40:09;49.931;310.0601111;
08.10.2020 07:40:10;49.931;311.1395556;
08.10.2020 07:40:11;49.931;311.214;
08.10.2020 07:40:12;49.92;311.214;
08.10.2020 07:40:13;49.92;311.1395556;
08.10.2020 07:40:14;49.92;311.3628889;
08.10.2020 07:40:15;49.92;311.3628889;
08.10.2020 07:40:16;49.92;311.3256667;
08.10.2020 07:40:17;49.92;310.879;
08.10.2020 07:40:18;49.92;310.8417778;
08.10.2020 07:40:19;49.92;310.9906667;
08.10.2020 07:40:20;49.92;310.9906667;
08.10.2020 07:40:21;49.92;311.6234444;
08.10.2020 07:40:22;49.92;311.214;
08.10.2020 07:40:23;49.92;311.1395556;
08.10.2020 07:40:24;49.92;311.2512222;
08.10.2020 07:40:25;49.92;311.7723333;
08.10.2020 07:40:26;49.92;311.3256667;
08.10.2020 07:40:27;49.92;311.6978889;
08.10.2020 07:40:28;49.92;311.8467778;
08.10.2020 07:40:29;49.92;311.2512222;
08.10.2020 07:40:30;49.92;311.0651111;
08.10.2020 07:40:31;49.932;310.9534444;
08.10.2020 07:40:32;49.933;310.8045556;
08.10.2020 07:40:33;49.933;310.2462222;
08.10.2020 07:40:34;49.933;310.1345556;
08.10.2020 07:40:35;49.933;310.2462222;
08.10.2020 07:40:36;49.933;311.4001111;
08.10.2020 07:40:37;49.933;311.1023333;
08.10.2020 07:40:38;49.933;311.1023333;
08.10.2020 07:40:39;49.933;310.5812222;
08.10.2020 07:40:40;49.933;310.3206667;
08.10.2020 07:40:41;49.933;310.6556667;
08.10.2020 07:40:42;49.933;310.9534444;
08.10.2020 07:40:43;49.922;311.549;
08.10.2020 07:40:44;49.922;311.5117778;
08.10.2020 07:40:45;49.922;311.4001111;
08.10.2020 07:40:46;49.922;311.5862222;
08.10.2020 07:40:47;49.922;311.1023333;
08.10.2020 07:40:48;49.922;311.4373333;
08.10.2020 07:40:49;49.922;311.214;
08.10.2020 07:40:50;49.922;311.6978889;
08.10.2020 07:40:51;49.922;311.2884444;
08.10.2020 07:40:52;49.922;311.1023333;
08.10.2020 07:40:53;49.933;311.214;
08.10.2020 07:40:54;49.933;310.6928889;
08.10.2020 07:40:55;49.933;310.8045556;
08.10.2020 07:40:56;49.933;310.9534444;
08.10.2020 07:40:57;49.933;311.4745556;
08.10.2020 07:40:58;49.933;311.6234444;
08.10.2020 07:40:59;49.933;311.5117778;
08.10.2020 07:41:00;49.933;311.6978889;
08.10.2020 07:41:01;49.933;311.3628889;
08.10.2020 07:41:02;49.933;311.6978889;
08.10.2020 07:41:03;49.933;311.549;
08.10.2020 07:41:04;49.933;311.3628889;
08.10.2020 07:41:05;49.933;311.8095556;
08.10.2020 07:41:06;49.933;312.1445556;
08.10.2020 07:41:07;49.933;311.6606667;
08.10.2020 07:41:08;49.933;312.1073333;
08.10.2020 07:41:09;49.933;311.8095556;
08.10.2020 07:41:10;49.933;311.884;
08.10.2020 07:41:11;49.933;311.4745556;
08.10.2020 07:41:12;49.933;312.0701111;
08.10.2020 07:41:13;49.933;312.219;
08.10.2020 07:41:14;49.933;312.219;
08.10.2020 07:41:15;49.933;312.1445556;
08.10.2020 07:41:16;49.933;312.1817778;
08.10.2020 07:41:17;49.933;312.6656667;
08.10.2020 07:41:18;49.933;311.3256667;
08.10.2020 07:41:19;49.933;311.2884444;
08.10.2020 07:41:20;49.933;311.549;
08.10.2020 07:41:21;49.933;311.8095556;
08.10.2020 07:41:22;49.933;311.8095556;
08.10.2020 07:41:23;49.933;311.5862222;
08.10.2020 07:41:24;49.933;311.5862222;
08.10.2020 07:41:25;49.933;311.4373333;
08.10.2020 07:41:26;49.933;311.4001111;
08.10.2020 07:41:27;49.933;311.6978889;
08.10.2020 07:41:28;49.933;311.6606667;
08.10.2020 07:41:29;49.933;311.8467778;
08.10.2020 07:41:30;49.933;312.0701111;
08.10.2020 07:41:31;49.933;311.884;
08.10.2020 07:41:32;49.933;311.6606667;
08.10.2020 07:41:33;49.939;311.2512222;
08.10.2020 07:41:34;49.939;311.3628889;
08.10.2020 07:41:35;49.939;312.219;
08.10.2020 07:41:36;49.939;312.2562222;
08.10.2020 07:41:37;49.939;312.4795556;
08.10.2020 07:41:38;49.939;312.1817778;
08.10.2020 07:41:39;49.939;312.7028889;
08.10.2020 07:41:40;49.939;312.7401111;
08.10.2020 07:41:41;49.939;312.9932222;
08.10.2020 07:41:42;49.939;312.9187778;
08.10.2020 07:41:43;49.939;313.1421111;
08.10.2020 07:41:44;49.939;313.0676667;
08.10.2020 07:41:45;49.949;312.8815556;
08.10.2020 07:41:46;49.949;312.7028889;
08.10.2020 07:41:47;49.949;312.1445556;
08.10.2020 07:41:48;49.949;312.1445556;
08.10.2020 07:41:49;49.949;312.8443333;
08.10.2020 07:41:50;49.949;313.6632222;
08.10.2020 07:41:51;49.949;313.3654444;
08.10.2020 07:41:52;49.949;313.6632222;
08.10.2020 07:41:53;49.949;313.961;
08.10.2020 07:41:54;49.949;312.956;
08.10.2020 07:41:55;49.949;313.4398889;
08.10.2020 07:41:56;49.939;312.9932222;
08.10.2020 07:41:57;49.939;313.3282222;
08.10.2020 07:41:58;49.939;313.291;
08.10.2020 07:41:59;49.939;313.0304444;
08.10.2020 07:42:00;49.939;313.1048889;
08.10.2020 07:42:01;49.939;312.8443333;
08.10.2020 07:42:02;49.939;312.9932222;
08.10.2020 07:42:03;49.939;313.0304444;
08.10.2020 07:42:04;49.939;312.5167778;
08.10.2020 07:42:05;49.939;312.5167778;
08.10.2020 07:42:06;49.939;312.7698889;
08.10.2020 07:42:07;49.939;312.8815556;
08.10.2020 07:42:08;49.939;313.291;
08.10.2020 07:42:09;49.939;313.2165556;
08.10.2020 07:42:10;49.939;313.0304444;
08.10.2020 07:42:11;49.939;312.8815556;
08.10.2020 07:42:12;49.939;312.7401111;
08.10.2020 07:42:13;49.939;312.2934444;
08.10.2020 07:42:14;49.939;312.4795556;
08.10.2020 07:42:15;49.939;312.219;
08.10.2020 07:42:16;49.939;312.8071111;
08.10.2020 07:42:17;49.939;312.8815556;
08.10.2020 07:42:18;49.939;312.4423333;
08.10.2020 07:42:19;49.939;312.219;
08.10.2020 07:42:20;49.939;312.219;
08.10.2020 07:42:21;49.939;311.884;
08.10.2020 07:42:22;49.939;311.884;
08.10.2020 07:42:23;49.939;312.1817778;
08.10.2020 07:42:24;49.939;311.7723333;
08.10.2020 07:42:25;49.939;312.4423333;
08.10.2020 07:42:26;49.939;312.0328889;
08.10.2020 07:42:27;49.939;312.3306667;
08.10.2020 07:42:28;49.939;312.0701111;
08.10.2020 07:42:29;49.939;312.2562222;
08.10.2020 07:42:30;49.949;311.9212222;
08.10.2020 07:42:31;49.949;313.0676667;
08.10.2020 07:42:32;49.949;313.1793333;
08.10.2020 07:42:33;49.949;313.3282222;
08.10.2020 07:42:34;49.949;313.1421111;
08.10.2020 07:42:35;49.949;313.4398889;
08.10.2020 07:42:36;49.949;313.626;
08.10.2020 07:42:37;49.949;314.1843333;
08.10.2020 07:42:38;49.949;314.2215556;
08.10.2020 07:42:39;49.949;314.3332222;
08.10.2020 07:42:40;49.949;313.9237778;
08.10.2020 07:42:41;49.949;314.4076667;
08.10.2020 07:42:42;49.949;313.9237778;
08.10.2020 07:42:43;49.949;314.1843333;
08.10.2020 07:42:44;49.949;314.0354444;
08.10.2020 07:42:45;49.949;314.631;
08.10.2020 07:42:46;49.949;314.5565556;
08.10.2020 07:42:47;49.949;314.631;
08.10.2020 07:42:48;49.949;314.631;
08.10.2020 07:42:49;49.949;314.2215556;
08.10.2020 07:42:50;49.949;314.4448889;
08.10.2020 07:42:51;49.949;314.3332222;
08.10.2020 07:42:52;49.949;314.2587778;
08.10.2020 07:42:53;49.949;314.5565556;
08.10.2020 07:42:54;49.939;314.4821111;
08.10.2020 07:42:55;49.939;314.1471111;
08.10.2020 07:42:56;49.939;314.1471111;
08.10.2020 07:42:57;49.939;314.296;
08.10.2020 07:42:58;49.939;313.961;
08.10.2020 07:42:59;49.939;313.5887778;
08.10.2020 07:43:00;49.939;313.4771111;
08.10.2020 07:43:01;49.939;314.1098889;
08.10.2020 07:43:02;49.939;313.5887778;
08.10.2020 07:43:03;49.939;313.4771111;
08.10.2020 07:43:04;49.939;313.5887778;
08.10.2020 07:43:05;49.939;313.2165556;
08.10.2020 07:43:06;49.939;313.1793333;
08.10.2020 07:43:07;49.939;313.4398889;
08.10.2020 07:43:08;49.939;313.5143333;
08.10.2020 07:43:09;49.939;313.4026667;
08.10.2020 07:43:10;49.939;313.4026667;
08.10.2020 07:43:11;49.939;313.6632222;
08.10.2020 07:43:12;49.939;313.0304444;
08.10.2020 07:43:13;49.939;312.7028889;
08.10.2020 07:43:14;49.939;313.3654444;
08.10.2020 07:43:15;49.939;313.4026667;
08.10.2020 07:43:16;49.939;313.4771111;
08.10.2020 07:43:17;49.939;312.9932222;
08.10.2020 07:43:18;49.939;313.5515556;
08.10.2020 07:43:19;49.939;313.1421111;
08.10.2020 07:43:20;49.939;312.5167778;
08.10.2020 07:43:21;49.939;312.2562222;
08.10.2020 07:43:22;49.939;311.9584444;
08.10.2020 07:43:23;49.927;312.3678889;
08.10.2020 07:43:24;49.927;312.6284444;
08.10.2020 07:43:25;49.927;313.3654444;
08.10.2020 07:43:26;49.94;312.8071111;
08.10.2020 07:43:27;49.94;312.1817778;
08.10.2020 07:43:28;49.94;311.9584444;
08.10.2020 07:43:29;49.94;312.219;
08.10.2020 07:43:30;49.94;312.3678889;
08.10.2020 07:43:31;49.94;312.6656667;
08.10.2020 07:43:32;49.94;312.6656667;
08.10.2020 07:43:33;49.928;312.9187778;
08.10.2020 07:43:34;49.928;312.4051111;
08.10.2020 07:43:35;49.928;312.4051111;
08.10.2020 07:43:36;49.928;312.3306667;
08.10.2020 07:43:37;49.928;312.4423333;
08.10.2020 07:43:38;49.928;312.1445556;
08.10.2020 07:43:39;49.928;311.4745556;
08.10.2020 07:43:40;49.917;311.6606667;
08.10.2020 07:43:41;49.917;310.9534444;
08.10.2020 07:43:42;49.917;311.1395556;
08.10.2020 07:43:43;49.917;310.2834444;
08.10.2020 07:43:44;49.917;310.4323333;
08.10.2020 07:43:45;49.917;310.6556667;
08.10.2020 07:43:46;49.917;310.6556667;
08.10.2020 07:43:47;49.917;310.3578889;
08.10.2020 07:43:48;49.917;310.544;
08.10.2020 07:43:49;49.917;310.5067778;
08.10.2020 07:43:50;49.917;310.6556667;
08.10.2020 07:43:51;49.917;310.3578889;
08.10.2020 07:43:52;49.917;310.6928889;
08.10.2020 07:43:53;49.917;310.7301111;
08.10.2020 07:43:54;49.917;310.9906667;
08.10.2020 07:43:55;49.93;311.0651111;
08.10.2020 07:43:56;49.93;310.2834444;
08.10.2020 07:43:57;49.93;310.2834444;
08.10.2020 07:43:58;49.93;310.9534444;
08.10.2020 07:43:59;49.93;310.7673333;
08.10.2020 07:44:00;49.93;310.6928889;
08.10.2020 07:44:01;49.93;310.8417778;
08.10.2020 07:44:02;49.93;311.0278889;
08.10.2020 07:44:03;49.93;311.3256667;
08.10.2020 07:44:04;49.93;311.2512222;
08.10.2020 07:44:05;49.93;311.5862222;
08.10.2020 07:44:06;49.93;311.6606667;
08.10.2020 07:44:07;49.93;311.549;
08.10.2020 07:44:08;49.93;311.5862222;
08.10.2020 07:44:09;49.93;311.0651111;
08.10.2020 07:44:10;49.92;311.1395556;
08.10.2020 07:44:11;49.92;311.549;
08.10.2020 07:44:12;49.92;311.4745556;
08.10.2020 07:44:13;49.92;311.5862222;
08.10.2020 07:44:14;49.93;310.8417778;
08.10.2020 07:44:15;49.93;310.5067778;
08.10.2020 07:44:16;49.93;310.5067778;
08.10.2020 07:44:17;49.93;311.1767778;
08.10.2020 07:44:18;49.93;310.9534444;
08.10.2020 07:44:19;49.92;311.4745556;
08.10.2020 07:44:20;49.92;311.4001111;
08.10.2020 07:44:21;49.92;311.5117778;
08.10.2020 07:44:22;49.92;311.4373333;
08.10.2020 07:44:23;49.931;311.3628889;
08.10.2020 07:44:24;49.931;310.7673333;
08.10.2020 07:44:25;49.931;311.4001111;
08.10.2020 07:44:26;49.931;311.0278889;
08.10.2020 07:44:27;49.931;310.8417778;
08.10.2020 07:44:28;49.931;311.4001111;
08.10.2020 07:44:29;49.931;311.4745556;
08.10.2020 07:44:30;49.931;311.3628889;
08.10.2020 07:44:31;49.931;311.2884444;
08.10.2020 07:44:32;49.931;311.3256667;
08.10.2020 07:44:33;49.928;310.9162222;
08.10.2020 07:44:34;49.928;310.8417778;
08.10.2020 07:44:35;49.928;311.1767778;
08.10.2020 07:44:36;49.928;311.2884444;
08.10.2020 07:44:37;49.928;311.6606667;
08.10.2020 07:44:38;49.928;311.3628889;
08.10.2020 07:44:39;49.928;310.879;
08.10.2020 07:44:40;49.928;311.1767778;
08.10.2020 07:44:41;49.928;310.879;
08.10.2020 07:44:42;49.928;310.8045556;
08.10.2020 07:44:43;49.928;311.214;
08.10.2020 07:44:44;49.928;310.879;
08.10.2020 07:44:45;49.928;310.7673333;
08.10.2020 07:44:46;49.928;310.8045556;
08.10.2020 07:44:47;49.918;311.0278889;
08.10.2020 07:44:48;49.918;310.4323333;
08.10.2020 07:44:49;49.918;310.7673333;
08.10.2020 07:44:50;49.918;310.9906667;
08.10.2020 07:44:51;49.918;310.9906667;
08.10.2020 07:44:52;49.918;310.6556667;
08.10.2020 07:44:53;49.918;310.7673333;
08.10.2020 07:44:54;49.918;311.1767778;
08.10.2020 07:44:55;49.918;311.2512222;
08.10.2020 07:44:56;49.918;311.2512222;
08.10.2020 07:44:57;49.928;310.9162222;
08.10.2020 07:44:58;49.928;310.5067778;
08.10.2020 07:44:59;49.928;310.4695556;
08.10.2020 07:45:00;49.928;310.7301111;
08.10.2020 07:45:01;49.928;310.8045556;
08.10.2020 07:45:02;49.928;311.0278889;
08.10.2020 07:45:03;49.928;311.1767778;
08.10.2020 07:45:04;49.928;310.6184444;
08.10.2020 07:45:05;49.928;310.3578889;
08.10.2020 07:45:06;49.928;310.6556667;
08.10.2020 07:45:07;49.928;310.9162222;
08.10.2020 07:45:08;49.928;311.1767778;
08.10.2020 07:45:09;49.928;310.7301111;
08.10.2020 07:45:10;49.928;310.6928889;
08.10.2020 07:45:11;49.928;310.544;
08.10.2020 07:45:12;49.928;310.0973333;
08.10.2020 07:45:13;49.928;310.7673333;
08.10.2020 07:45:14;49.928;311.2512222;
08.10.2020 07:45:15;49.928;311.2512222;
08.10.2020 07:45:16;49.928;311.8095556;
08.10.2020 07:45:17;49.928;311.8095556;
08.10.2020 07:45:18;49.928;311.9956667;
08.10.2020 07:45:19;49.928;311.9212222;
08.10.2020 07:45:20;49.928;312.5167778;
08.10.2020 07:45:21;49.928;312.9187778;
08.10.2020 07:45:22;49.928;312.7401111;
08.10.2020 07:45:23;49.928;312.6284444;
08.10.2020 07:45:24;49.928;312.1445556;
08.10.2020 07:45:25;49.928;312.554;
08.10.2020 07:45:26;49.928;312.1073333;
08.10.2020 07:45:27;49.928;312.2562222;
08.10.2020 07:45:28;49.928;311.8095556;
08.10.2020 07:45:29;49.928;312.1817778;
08.10.2020 07:45:30;49.928;312.3678889;
08.10.2020 07:45:31;49.928;312.0328889;
08.10.2020 07:45:32;49.928;311.6234444;
08.10.2020 07:45:33;49.928;311.884;
08.10.2020 07:45:34;49.934;311.9956667;
08.10.2020 07:45:35;49.934;312.2562222;
08.10.2020 07:45:36;49.934;311.9212222;
08.10.2020 07:45:37;49.934;311.9212222;
08.10.2020 07:45:38;49.934;311.5862222;
08.10.2020 07:45:39;49.934;312.8071111;
08.10.2020 07:45:40;49.934;312.0701111;
08.10.2020 07:45:41;49.934;311.549;
08.10.2020 07:45:42;49.934;311.8095556;
08.10.2020 07:45:43;49.934;312.219;
08.10.2020 07:45:44;49.934;312.219;
08.10.2020 07:45:45;49.948;313.2537778;
08.10.2020 07:45:46;49.948;312.6656667;
08.10.2020 07:45:47;49.948;312.3678889;
08.10.2020 07:45:48;49.948;312.5167778;
08.10.2020 07:45:49;49.948;313.0304444;
08.10.2020 07:45:50;49.948;313.4771111;
08.10.2020 07:45:51;49.948;313.3282222;
08.10.2020 07:45:52;49.948;314.0726667;
08.10.2020 07:45:53;49.948;313.4398889;
08.10.2020 07:45:54;49.948;313.626;
08.10.2020 07:45:55;49.948;313.2165556;
08.10.2020 07:45:56;49.948;312.956;
08.10.2020 07:45:57;49.948;313.1048889;
08.10.2020 07:45:58;49.948;313.3282222;
08.10.2020 07:45:59;49.938;312.8815556;
08.10.2020 07:46:00;49.938;313.5515556;
08.10.2020 07:46:01;49.938;313.5515556;
08.10.2020 07:46:02;49.938;313.1793333;
08.10.2020 07:46:03;49.938;313.2165556;
08.10.2020 07:46:04;49.938;312.9187778;
08.10.2020 07:46:05;49.938;313.0304444;
08.10.2020 07:46:06;49.938;313.3654444;
08.10.2020 07:46:07;49.938;313.2537778;
08.10.2020 07:46:08;49.938;313.4771111;
08.10.2020 07:46:09;49.938;313.8865556;
08.10.2020 07:46:10;49.938;313.8493333;
08.10.2020 07:46:11;49.938;313.4398889;
08.10.2020 07:46:12;49.948;313.5143333;
08.10.2020 07:46:13;49.948;313.9982222;
08.10.2020 07:46:14;49.948;313.4026667;
08.10.2020 07:46:15;49.948;313.5143333;
08.10.2020 07:46:16;49.948;313.3654444;
08.10.2020 07:46:17;49.948;313.7004444;
08.10.2020 07:46:18;49.948;312.6656667;
08.10.2020 07:46:19;49.938;313.5515556;
08.10.2020 07:46:20;49.938;313.4771111;
08.10.2020 07:46:21;49.938;313.0304444;
08.10.2020 07:46:22;49.938;313.5887778;
08.10.2020 07:46:23;49.938;313.2165556;
08.10.2020 07:46:24;49.938;313.7748889;
08.10.2020 07:46:25;49.938;313.4771111;
08.10.2020 07:46:26;49.938;313.3282222;
08.10.2020 07:46:27;49.938;313.5143333;
08.10.2020 07:46:28;49.938;313.1421111;
08.10.2020 07:46:29;49.938;313.1793333;
08.10.2020 07:46:30;49.938;313.2537778;
08.10.2020 07:46:31;49.949;314.0354444;
08.10.2020 07:46:32;49.949;313.5143333;
08.10.2020 07:46:33;49.949;313.5887778;
08.10.2020 07:46:34;49.951;313.3654444;
08.10.2020 07:46:35;49.951;313.3282222;
08.10.2020 07:46:36;49.951;313.7004444;
08.10.2020 07:46:37;49.951;313.2165556;
08.10.2020 07:46:38;49.951;312.9187778;
08.10.2020 07:46:39;49.951;313.4398889;
08.10.2020 07:46:40;49.951;314.1843333;
08.10.2020 07:46:41;49.951;314.1843333;
08.10.2020 07:46:42;49.951;314.3704444;
08.10.2020 07:46:43;49.951;313.9982222;
08.10.2020 07:46:44;49.951;314.3704444;
08.10.2020 07:46:45;49.951;314.0726667;
08.10.2020 07:46:46;49.951;314.8543333;
08.10.2020 07:46:47;49.951;314.8171111;
08.10.2020 07:46:48;49.951;314.966;
08.10.2020 07:46:49;49.951;314.5565556;
08.10.2020 07:46:50;49.951;314.631;
08.10.2020 07:46:51;49.951;314.7054444;
08.10.2020 07:46:52;49.951;314.7798889;
08.10.2020 07:46:53;49.951;314.7798889;
08.10.2020 07:46:54;49.951;314.4821111;
08.10.2020 07:46:55;49.951;315.0404444;
08.10.2020 07:46:56;49.951;314.4076667;
08.10.2020 07:46:57;49.951;314.2215556;
08.10.2020 07:46:58;49.951;314.2215556;
08.10.2020 07:46:59;49.951;313.8493333;
08.10.2020 07:47:00;49.951;314.2587778;
08.10.2020 07:47:01;49.951;314.5565556;
08.10.2020 07:47:02;49.951;314.4448889;
08.10.2020 07:47:03;49.951;314.8543333;
08.10.2020 07:47:04;49.951;314.2587778;
08.10.2020 07:47:05;49.951;313.7376667;
08.10.2020 07:47:06;49.951;313.4398889;
08.10.2020 07:47:07;49.951;313.7004444;
08.10.2020 07:47:08;49.951;313.291;
08.10.2020 07:47:09;49.951;313.626;
08.10.2020 07:47:10;49.951;313.8865556;
08.10.2020 07:47:11;49.951;313.7748889;
08.10.2020 07:47:12;49.951;313.7748889;
08.10.2020 07:47:13;49.951;313.7748889;
08.10.2020 07:47:14;49.951;313.7748889;
08.10.2020 07:47:15;49.951;314.1098889;
08.10.2020 07:47:16;49.951;314.631;
08.10.2020 07:47:17;49.951;314.8171111;
08.10.2020 07:47:18;49.951;314.6682222;
08.10.2020 07:47:19;49.951;314.1843333;
08.10.2020 07:47:20;49.962;314.0726667;
08.10.2020 07:47:21;49.962;314.7798889;
08.10.2020 07:47:22;49.962;314.8171111;
08.10.2020 07:47:23;49.962;314.9287778;
08.10.2020 07:47:24;49.962;315.4498889;
08.10.2020 07:47:25;49.962;315.2637778;
08.10.2020 07:47:26;49.962;315.301;
08.10.2020 07:47:27;49.962;315.2637778;
08.10.2020 07:47:28;49.962;314.7426667;
08.10.2020 07:47:29;49.948;314.8543333;
08.10.2020 07:47:30;49.948;314.8915556;
08.10.2020 07:47:31;49.948;315.1893333;
08.10.2020 07:47:32;49.948;315.5615556;
08.10.2020 07:47:33;49.948;314.7798889;
08.10.2020 07:47:34;49.948;314.3704444;
08.10.2020 07:47:35;49.953;314.0354444;
08.10.2020 07:47:36;49.953;313.8121111;
08.10.2020 07:47:37;49.953;314.2587778;
08.10.2020 07:47:38;49.953;314.4448889;
08.10.2020 07:47:39;49.953;314.7426667;
08.10.2020 07:47:40;49.953;314.8915556;
08.10.2020 07:47:41;49.953;314.8915556;
08.10.2020 07:47:42;49.953;314.1471111;
08.10.2020 07:47:43;49.964;314.1471111;
08.10.2020 07:47:44;49.964;314.2215556;
08.10.2020 07:47:45;49.964;314.3704444;
08.10.2020 07:47:46;49.964;314.3704444;
08.10.2020 07:47:47;49.964;314.5565556;
08.10.2020 07:47:48;49.964;314.296;
08.10.2020 07:47:49;49.964;314.8543333;
08.10.2020 07:47:50;49.964;314.5565556;
08.10.2020 07:47:51;49.964;314.8543333;
08.10.2020 07:47:52;49.964;314.5193333;
08.10.2020 07:47:53;49.964;315.301;
08.10.2020 07:47:54;49.964;315.1521111;
08.10.2020 07:47:55;49.964;315.4871111;
08.10.2020 07:47:56;49.976;315.7104444;
08.10.2020 07:47:57;49.976;315.7104444;
08.10.2020 07:47:58;49.976;316.1943333;
08.10.2020 07:47:59;49.976;316.7154444;
08.10.2020 07:48:00;49.976;316.9387778;
08.10.2020 07:48:01;49.976;317.3482222;
08.10.2020 07:48:02;49.976;317.5343333;
08.10.2020 07:48:03;49.976;317.7576667;
08.10.2020 07:48:04;49.976;317.9065556;
08.10.2020 07:48:05;49.976;317.646;
08.10.2020 07:48:06;49.976;317.4598889;
08.10.2020 07:48:07;49.976;317.4226667;
08.10.2020 07:48:08;49.976;317.4971111;
08.10.2020 07:48:09;49.976;318.0182222;
08.10.2020 07:48:10;49.976;317.3854444;
08.10.2020 07:48:11;49.976;317.1621111;
08.10.2020 07:48:12;49.976;317.2737778;
08.10.2020 07:48:13;49.976;317.4971111;
08.10.2020 07:48:14;49.976;317.3482222;
08.10.2020 07:48:15;49.976;317.2737778;
08.10.2020 07:48:16;49.976;316.976;
08.10.2020 07:48:17;49.976;316.7898889;
08.10.2020 07:48:18;49.976;317.0504444;
08.10.2020 07:48:19;49.976;316.7526667;
08.10.2020 07:48:20;49.976;317.2737778;
08.10.2020 07:48:21;49.976;317.0132222;
08.10.2020 07:48:22;49.976;316.8271111;
08.10.2020 07:48:23;49.976;316.7526667;
08.10.2020 07:48:24;49.976;317.1993333;
08.10.2020 07:48:25;49.976;317.7948889;
08.10.2020 07:48:26;49.976;317.5715556;
08.10.2020 07:48:27;49.976;317.1621111;
08.10.2020 07:48:28;49.976;317.4971111;
08.10.2020 07:48:29;49.976;317.3854444;
08.10.2020 07:48:30;49.976;317.646;
08.10.2020 07:48:31;49.976;317.6832222;
08.10.2020 07:48:32;49.976;317.8693333;
08.10.2020 07:48:33;49.976;317.7204444;
08.10.2020 07:48:34;49.976;318.5765556;
08.10.2020 07:48:35;49.981;318.5393333;
08.10.2020 07:48:36;49.981;317.8693333;
08.10.2020 07:48:37;49.981;317.4226667;
08.10.2020 07:48:38;49.981;317.5715556;
08.10.2020 07:48:39;49.981;317.7576667;
08.10.2020 07:48:40;49.981;317.981;
08.10.2020 07:48:41;49.981;318.0182222;
08.10.2020 07:48:42;49.981;317.981;
08.10.2020 07:48:43;49.981;318.2043333;
08.10.2020 07:48:44;49.981;318.1298889;
08.10.2020 07:48:45;49.981;317.7948889;
08.10.2020 07:48:46;49.981;317.7948889;
08.10.2020 07:48:47;49.981;317.9437778;
08.10.2020 07:48:48;49.981;317.7204444;
08.10.2020 07:48:49;49.981;318.1298889;
08.10.2020 07:48:50;49.981;317.9437778;
08.10.2020 07:48:51;49.981;317.6832222;
08.10.2020 07:48:52;49.981;317.5343333;
08.10.2020 07:48:53;49.981;317.5715556;
08.10.2020 07:48:54;49.981;317.9065556;
08.10.2020 07:48:55;49.981;317.4971111;
08.10.2020 07:48:56;49.981;317.8321111;
08.10.2020 07:48:57;49.981;317.8321111;
08.10.2020 07:48:58;49.981;318.0926667;
08.10.2020 07:48:59;49.981;317.4598889;
08.10.2020 07:49:00;49.981;317.5715556;
08.10.2020 07:49:01;49.981;317.5343333;
08.10.2020 07:49:02;49.981;317.9437778;
08.10.2020 07:49:03;49.981;318.1298889;
08.10.2020 07:49:04;49.981;318.316;
08.10.2020 07:49:05;49.981;317.6832222;
08.10.2020 07:49:06;49.991;317.7204444;
08.10.2020 07:49:07;49.991;317.5715556;
08.10.2020 07:49:08;49.991;317.981;
08.10.2020 07:49:09;49.991;318.0554444;
08.10.2020 07:49:10;49.991;318.3532222;
08.10.2020 07:49:11;49.991;318.4648889;
08.10.2020 07:49:12;49.991;317.7204444;
08.10.2020 07:49:13;49.991;317.5343333;
08.10.2020 07:49:14;49.991;317.8693333;
08.10.2020 07:49:15;49.991;318.5021111;
08.10.2020 07:49:16;49.991;317.7204444;
08.10.2020 07:49:17;50.003;318.0926667;
08.10.2020 07:49:18;50.003;317.8693333;
08.10.2020 07:49:19;50.003;318.2043333;
08.10.2020 07:49:20;50.003;318.0182222;
08.10.2020 07:49:21;50.003;317.6832222;
08.10.2020 07:49:22;50.003;317.7576667;
08.10.2020 07:49:23;50.003;317.981;
08.10.2020 07:49:24;50.003;317.7204444;
08.10.2020 07:49:25;50.003;318.0926667;
08.10.2020 07:49:26;50.003;317.4226667;
08.10.2020 07:49:27;50.003;317.7576667;
08.10.2020 07:49:28;50.003;317.8321111;
08.10.2020 07:49:29;50.003;317.8693333;
08.10.2020 07:49:30;50.003;317.7204444;
08.10.2020 07:49:31;50.003;317.7204444;
08.10.2020 07:49:32;50.003;317.9065556;
08.10.2020 07:49:33;50.003;317.8693333;
08.10.2020 07:49:34;50.003;317.8693333;
08.10.2020 07:49:35;50.01;317.8321111;
08.10.2020 07:49:36;50.01;318.3904444;
08.10.2020 07:49:37;50.01;318.3904444;
08.10.2020 07:49:38;50.01;317.6832222;
08.10.2020 07:49:39;50.01;318.0182222;
08.10.2020 07:49:40;50.01;317.9437778;
08.10.2020 07:49:41;50.01;318.2043333;
08.10.2020 07:49:42;50.01;317.981;
08.10.2020 07:49:43;50.01;317.9065556;
08.10.2020 07:49:44;50.01;318.1298889;
08.10.2020 07:49:45;50.01;317.3482222;
08.10.2020 07:49:46;50.01;317.5715556;
08.10.2020 07:49:47;50.01;318.0926667;
08.10.2020 07:49:48;50.01;317.7948889;
08.10.2020 07:49:49;50.01;318.2415556;
08.10.2020 07:49:50;50.01;318.3532222;
08.10.2020 07:49:51;50.01;318.5021111;
08.10.2020 07:49:52;50.02;318.8371111;
08.10.2020 07:49:53;50.02;317.646;
08.10.2020 07:49:54;50.02;318.0182222;
08.10.2020 07:49:55;50.02;317.646;
08.10.2020 07:49:56;50.01;317.981;
08.10.2020 07:49:57;50.01;318.7254444;
08.10.2020 07:49:58;50.01;318.5393333;
08.10.2020 07:49:59;50.01;318.2787778;
